Program, Package , Core(s) , GPU , DRAM? , Time (sec), Peak Memory Usage (KB), PowerCap (uW)
exe/selectionSort.py 30000 , 408.828125 , 368.659058 , 0.983521 , 0.000000 ,  2.46628E+07, 2364, 30000000 
exe/selectionSort.py 30000 , 407.767761 , 367.581787 , 0.944580 , 0.000000 ,  2.46796E+07, 2364, 30000000 
exe/selectionSort.py 30000 , 406.485535 , 366.318848 , 0.978943 , 0.000000 ,  2.46331E+07, 2364, 30000000 
exe/selectionSort.py 30000 , 399.667114 , 358.286682 , 0.987244 , 0.000000 ,  2.50899E+07, 2364, 30000000 
exe/selectionSort.py 30000 , 382.875854 , 337.591492 , 1.532043 , 0.000000 ,  2.64227E+07, 2296, 30000000 
exe/selectionSort.py 30000 , 380.371521 , 335.911865 , 0.923584 , 0.000000 ,  2.63914E+07, 2364, 30000000 
exe/selectionSort.py 30000 , 379.235718 , 334.836914 , 0.988159 , 0.000000 ,  2.6338E+07, 2364, 30000000 
exe/selectionSort.py 30000 , 378.702271 , 334.249878 , 0.950684 , 0.000000 ,  2.63651E+07, 2364, 30000000 
exe/selectionSort.py 30000 , 376.026245 , 331.406799 , 0.964233 , 0.000000 ,  2.64819E+07, 2364, 30000000 
exe/selectionSort.py 30000 , 373.713989 , 329.442261 , 0.976501 , 0.000000 ,  2.62828E+07, 2364, 30000000 
exe/selectionSort.py 20000 , 417.261230 , 375.659668 , 1.763306 , 0.000000 ,  2.47135E+07, 2324, 30000000 
exe/selectionSort.py 20000 , 411.609253 , 371.235352 , 1.063049 , 0.000000 ,  2.45418E+07, 2392, 30000000 
exe/selectionSort.py 20000 , 410.499451 , 369.945496 , 1.037537 , 0.000000 ,  2.4684E+07, 2392, 30000000 
exe/selectionSort.py 20000 , 409.441833 , 369.256470 , 1.032654 , 0.000000 ,  2.44552E+07, 2392, 30000000 
exe/selectionSort.py 20000 , 402.174133 , 361.936707 , 1.000916 , 0.000000 ,  2.46706E+07, 2392, 30000000 
exe/selectionSort.py 20000 , 401.772583 , 361.793518 , 0.967468 , 0.000000 ,  2.46217E+07, 2392, 30000000 
exe/selectionSort.py 20000 , 401.332397 , 361.035095 , 1.002441 , 0.000000 ,  2.47097E+07, 2392, 30000000 
exe/selectionSort.py 20000 , 376.421143 , 331.885071 , 0.948486 , 0.000000 ,  2.64413E+07, 2392, 30000000 
exe/selectionSort.py 20000 , 376.221680 , 331.557922 , 0.970093 , 0.000000 ,  2.6501E+07, 2392, 30000000 
exe/selectionSort.py 20000 , 372.841309 , 328.351868 , 0.934998 , 0.000000 ,  2.64317E+07, 2392, 30000000 
exe/selectionSort.py 10000 , 430.789001 , 389.281860 , 1.740845 , 0.000000 ,  2.46652E+07, 2308, 30000000 
exe/selectionSort.py 10000 , 425.644287 , 383.647522 , 1.052673 , 0.000000 ,  2.56762E+07, 2376, 30000000 
exe/selectionSort.py 10000 , 414.847534 , 374.304993 , 1.026794 , 0.000000 ,  2.48746E+07, 2376, 30000000 
exe/selectionSort.py 10000 , 410.745117 , 370.334229 , 0.996765 , 0.000000 ,  2.48277E+07, 2376, 30000000 
exe/selectionSort.py 10000 , 409.689392 , 369.312256 , 1.008972 , 0.000000 ,  2.47425E+07, 2376, 30000000 
exe/selectionSort.py 10000 , 400.557251 , 359.286499 , 0.999268 , 0.000000 ,  2.50221E+07, 2376, 30000000 
exe/selectionSort.py 10000 , 375.569519 , 331.300354 , 0.907593 , 0.000000 ,  2.62892E+07, 2376, 30000000 
exe/selectionSort.py 10000 , 373.476379 , 328.715881 , 0.943481 , 0.000000 ,  2.65915E+07, 2376, 30000000 
exe/selectionSort.py 10000 , 373.335327 , 328.427979 , 0.948547 , 0.000000 ,  2.66941E+07, 2376, 30000000 
exe/selectionSort.py 10000 , 372.236389 , 328.065979 , 0.938660 , 0.000000 ,  2.62216E+07, 2376, 30000000 
exe/selectionSort 30000 , 22.205872 , 19.262939 , 0.621460 , 0.000000 ,  1.36179E+06, 2420, 30000000 
exe/selectionSort 30000 , 20.131042 , 17.942505 , 0.078064 , 0.000000 ,  1.29529E+06, 2424, 30000000 
exe/selectionSort 30000 , 20.059082 , 17.843811 , 0.082520 , 0.000000 ,  1.29498E+06, 2424, 30000000 
exe/selectionSort 30000 , 19.913940 , 17.769836 , 0.068176 , 0.000000 ,  1.29985E+06, 2424, 30000000 
exe/selectionSort 30000 , 19.859070 , 17.691284 , 0.062622 , 0.000000 ,  1.29777E+06, 2424, 30000000 
exe/selectionSort 30000 , 19.795898 , 17.655457 , 0.070374 , 0.000000 ,  1.29957E+06, 2424, 30000000 
exe/selectionSort 30000 , 19.775757 , 17.653198 , 0.070068 , 0.000000 ,  1.28634E+06, 2424, 30000000 
exe/selectionSort 30000 , 19.757202 , 17.611633 , 0.078369 , 0.000000 ,  1.29683E+06, 2424, 30000000 
exe/selectionSort 30000 , 19.691711 , 17.565369 , 0.065979 , 0.000000 ,  1.29586E+06, 2424, 30000000 
exe/selectionSort 30000 , 19.504883 , 17.420044 , 0.072937 , 0.000000 ,  1.28858E+06, 2424, 30000000 
exe/selectionSort 20000 , 8.910828 , 7.932739 , 0.047363 , 0.000000 ,  575056, 2400, 30000000 
exe/selectionSort 20000 , 8.759644 , 7.795776 , 0.049133 , 0.000000 ,  570381, 2400, 30000000 
exe/selectionSort 20000 , 8.701172 , 7.746216 , 0.041626 , 0.000000 ,  569864, 2400, 30000000 
exe/selectionSort 20000 , 8.668762 , 7.717957 , 0.041748 , 0.000000 ,  578973, 2400, 30000000 
exe/selectionSort 20000 , 8.667053 , 7.723755 , 0.040100 , 0.000000 ,  569250, 2400, 30000000 
exe/selectionSort 20000 , 8.661316 , 7.689697 , 0.033081 , 0.000000 ,  587907, 2400, 30000000 
exe/selectionSort 20000 , 8.621460 , 7.690918 , 0.036804 , 0.000000 ,  574328, 2400, 30000000 
exe/selectionSort 20000 , 8.579285 , 7.621338 , 0.049805 , 0.000000 ,  574687, 2400, 30000000 
exe/selectionSort 20000 , 8.553223 , 7.610474 , 0.038147 , 0.000000 ,  574700, 2400, 30000000 
exe/selectionSort 20000 , 10.147705 , 8.637085 , 0.421814 , 0.000000 ,  621639, 2332, 30000000 
exe/selectionSort 10000 , 2.574890 , 2.282532 , 0.027893 , 0.000000 ,  153610, 2340, 30000000 
exe/selectionSort 10000 , 2.270203 , 1.978149 , 0.048645 , 0.000000 ,  139741, 2408, 30000000 
exe/selectionSort 10000 , 2.146301 , 1.885925 , 0.036255 , 0.000000 ,  137306, 2408, 30000000 
exe/selectionSort 10000 , 2.103760 , 1.856140 , 0.027405 , 0.000000 ,  135927, 2408, 30000000 
exe/selectionSort 10000 , 2.093689 , 1.859131 , 0.027283 , 0.000000 ,  136761, 2408, 30000000 
exe/selectionSort 10000 , 2.092102 , 1.838440 , 0.025391 , 0.000000 ,  137840, 2408, 30000000 
exe/selectionSort 10000 , 2.089966 , 1.832764 , 0.031738 , 0.000000 ,  138050, 2408, 30000000 
exe/selectionSort 10000 , 2.080017 , 1.832642 , 0.030273 , 0.000000 ,  137255, 2408, 30000000 
exe/selectionSort 10000 , 2.027710 , 1.758240 , 0.029785 , 0.000000 ,  151272, 2408, 30000000 
exe/selectionSort 10000 , 1.941101 , 1.659790 , 0.023193 , 0.000000 ,  159611, 2408, 30000000 
exe/radixSort.py 30000 , 71.101929 , 62.961670 , 1.180847 , 0.000000 ,  4.10452E+06, 2300, 30000000 
exe/radixSort.py 30000 , 66.963379 , 60.736450 , 0.167175 , 0.000000 ,  3.78823E+06, 2368, 30000000 
exe/radixSort.py 30000 , 66.748901 , 60.542358 , 0.184448 , 0.000000 ,  3.76678E+06, 2368, 30000000 
exe/radixSort.py 30000 , 66.601501 , 60.347351 , 0.191467 , 0.000000 ,  3.78775E+06, 2368, 30000000 
exe/radixSort.py 30000 , 63.938843 , 57.643799 , 0.176331 , 0.000000 ,  3.83504E+06, 2368, 30000000 
exe/radixSort.py 30000 , 59.003784 , 52.325745 , 0.155823 , 0.000000 ,  3.96302E+06, 2368, 30000000 
exe/radixSort.py 30000 , 58.948059 , 52.248169 , 0.167542 , 0.000000 ,  3.96193E+06, 2368, 30000000 
exe/radixSort.py 30000 , 58.893005 , 52.198730 , 0.152466 , 0.000000 ,  3.96764E+06, 2368, 30000000 
exe/radixSort.py 30000 , 58.770752 , 52.072937 , 0.170044 , 0.000000 ,  3.96398E+06, 2368, 30000000 
exe/radixSort.py 30000 , 58.758850 , 52.058350 , 0.170410 , 0.000000 ,  3.96578E+06, 2368, 30000000 
exe/radixSort.py 20000 , 72.166321 , 64.260681 , 1.170898 , 0.000000 ,  4.01972E+06, 2356, 30000000 
exe/radixSort.py 20000 , 65.896851 , 59.696899 , 0.172180 , 0.000000 ,  3.7662E+06, 2424, 30000000 
exe/radixSort.py 20000 , 65.822754 , 59.619446 , 0.187256 , 0.000000 ,  3.76685E+06, 2424, 30000000 
exe/radixSort.py 20000 , 63.606323 , 57.431946 , 0.160583 , 0.000000 ,  3.79319E+06, 2424, 30000000 
exe/radixSort.py 20000 , 63.187500 , 56.796448 , 0.178345 , 0.000000 ,  3.90249E+06, 2424, 30000000 
exe/radixSort.py 20000 , 62.345215 , 56.013977 , 0.175659 , 0.000000 ,  3.82412E+06, 2424, 30000000 
exe/radixSort.py 20000 , 61.973083 , 55.665222 , 0.163574 , 0.000000 ,  3.81978E+06, 2424, 30000000 
exe/radixSort.py 20000 , 61.909241 , 55.616272 , 0.174377 , 0.000000 ,  3.80334E+06, 2424, 30000000 
exe/radixSort.py 20000 , 61.340637 , 55.092407 , 0.163513 , 0.000000 ,  3.8197E+06, 2424, 30000000 
exe/radixSort.py 20000 , 58.263306 , 51.605103 , 0.159546 , 0.000000 ,  3.95322E+06, 2424, 30000000 
exe/radixSort.py 10000 , 83.313843 , 74.755493 , 0.941956 , 0.000000 ,  4.39533E+06, 2480, 30000000 
exe/radixSort.py 10000 , 82.335571 , 74.972778 , 0.570923 , 0.000000 ,  4.08786E+06, 2480, 30000000 
exe/radixSort.py 10000 , 76.036377 , 68.132812 , 0.843201 , 0.000000 ,  4.21125E+06, 2480, 30000000 
exe/radixSort.py 10000 , 64.161621 , 57.960022 , 0.174988 , 0.000000 ,  3.79373E+06, 2480, 30000000 
exe/radixSort.py 10000 , 63.956909 , 57.768127 , 0.159729 , 0.000000 ,  3.80546E+06, 2480, 30000000 
exe/radixSort.py 10000 , 63.898743 , 55.719849 , 1.088379 , 0.000000 ,  4.11651E+06, 2412, 30000000 
exe/radixSort.py 10000 , 62.867981 , 56.515259 , 0.166504 , 0.000000 ,  3.85019E+06, 2480, 30000000 
exe/radixSort.py 10000 , 61.970276 , 55.683411 , 0.164734 , 0.000000 ,  3.81044E+06, 2480, 30000000 
exe/radixSort.py 10000 , 58.151489 , 51.532593 , 0.162231 , 0.000000 ,  3.92514E+06, 2480, 30000000 
exe/radixSort.py 10000 , 57.870972 , 51.283997 , 0.165771 , 0.000000 ,  3.90861E+06, 2480, 30000000 
exe/radixSort 30000 , 0.049622 , 0.024109 , 0.006042 , 0.000000 ,  7787, 2408, 30000000 
exe/radixSort 30000 , 0.047913 , 0.024170 , 0.006775 , 0.000000 ,  7683, 2408, 30000000 
exe/radixSort 30000 , 0.041809 , 0.021851 , 0.004700 , 0.000000 ,  7183, 2408, 30000000 
exe/radixSort 30000 , 0.036865 , 0.021301 , 0.002380 , 0.000000 ,  6911, 2408, 30000000 
exe/radixSort 30000 , 0.033691 , 0.016357 , 0.002991 , 0.000000 ,  6459, 2408, 30000000 
exe/radixSort 30000 , 0.031372 , 0.020630 , 0.001404 , 0.000000 ,  6982, 2408, 30000000 
exe/radixSort 30000 , 0.030701 , 0.018494 , 0.000000 , 0.000000 ,  6410, 2408, 30000000 
exe/radixSort 30000 , 0.028809 , 0.015747 , 0.001282 , 0.000000 ,  6904, 2408, 30000000 
exe/radixSort 30000 , 0.028687 , 0.015503 , 0.001221 , 0.000000 ,  6929, 2408, 30000000 
exe/radixSort 30000 , 0.026550 , 0.016296 , 0.000000 , 0.000000 ,  7039, 2340, 30000000 
exe/radixSort 20000 , 0.042114 , 0.022705 , 0.003723 , 0.000000 ,  6970, 2368, 30000000 
exe/radixSort 20000 , 0.041016 , 0.022705 , 0.006653 , 0.000000 ,  7143, 2368, 30000000 
exe/radixSort 20000 , 0.037354 , 0.020386 , 0.005127 , 0.000000 ,  6756, 2368, 30000000 
exe/radixSort 20000 , 0.037354 , 0.020264 , 0.003174 , 0.000000 ,  7131, 2368, 30000000 
exe/radixSort 20000 , 0.034119 , 0.020142 , 0.002380 , 0.000000 ,  7184, 2368, 30000000 
exe/radixSort 20000 , 0.032410 , 0.018433 , 0.002441 , 0.000000 ,  7284, 2368, 30000000 
exe/radixSort 20000 , 0.029236 , 0.016602 , 0.001038 , 0.000000 ,  6904, 2368, 30000000 
exe/radixSort 20000 , 0.028931 , 0.016602 , 0.000000 , 0.000000 ,  6838, 2300, 30000000 
exe/radixSort 20000 , 0.028442 , 0.016418 , 0.001282 , 0.000000 ,  6918, 2368, 30000000 
exe/radixSort 20000 , 0.028259 , 0.016052 , 0.000549 , 0.000000 ,  6695, 2368, 30000000 
exe/radixSort 10000 , 0.048340 , 0.023682 , 0.008606 , 0.000000 ,  7523, 2368, 30000000 
exe/radixSort 10000 , 0.045593 , 0.023132 , 0.006958 , 0.000000 ,  7226, 2368, 30000000 
exe/radixSort 10000 , 0.044800 , 0.023438 , 0.007141 , 0.000000 ,  7348, 2368, 30000000 
exe/radixSort 10000 , 0.040588 , 0.022888 , 0.002869 , 0.000000 ,  6530, 2368, 30000000 
exe/radixSort 10000 , 0.040100 , 0.021118 , 0.005249 , 0.000000 ,  7100, 2368, 30000000 
exe/radixSort 10000 , 0.037598 , 0.021362 , 0.003662 , 0.000000 ,  7516, 2368, 30000000 
exe/radixSort 10000 , 0.035950 , 0.024902 , 0.002625 , 0.000000 ,  6527, 2368, 30000000 
exe/radixSort 10000 , 0.033752 , 0.018616 , 0.003601 , 0.000000 ,  7041, 2368, 30000000 
exe/radixSort 10000 , 0.028625 , 0.018005 , 0.000305 , 0.000000 ,  7097, 2368, 30000000 
exe/radixSort 10000 , 0.024231 , 0.015564 , 0.000000 , 0.000000 ,  6245, 2300, 30000000 
exe/insertionSort.py 30000 , 434.909119 , 391.370422 , 1.781128 , 0.000000 ,  2.59268E+07, 2408, 30000000 
exe/insertionSort.py 30000 , 431.524780 , 389.171631 , 1.144043 , 0.000000 ,  2.57224E+07, 2476, 30000000 
exe/insertionSort.py 30000 , 429.916992 , 387.542053 , 1.112549 , 0.000000 ,  2.57845E+07, 2476, 30000000 
exe/insertionSort.py 30000 , 429.484253 , 386.983032 , 1.096741 , 0.000000 ,  2.58555E+07, 2476, 30000000 
exe/insertionSort.py 30000 , 429.315491 , 386.862366 , 1.109375 , 0.000000 ,  2.58216E+07, 2476, 30000000 
exe/insertionSort.py 30000 , 426.415588 , 384.048157 , 1.078918 , 0.000000 ,  2.57716E+07, 2476, 30000000 
exe/insertionSort.py 30000 , 424.969299 , 382.429504 , 1.066772 , 0.000000 ,  2.61101E+07, 2476, 30000000 
exe/insertionSort.py 30000 , 418.485779 , 375.919373 , 1.043518 , 0.000000 ,  2.61149E+07, 2476, 30000000 
exe/insertionSort.py 30000 , 412.121582 , 368.986267 , 1.023315 , 0.000000 ,  2.61391E+07, 2476, 30000000 
exe/insertionSort.py 30000 , 394.243652 , 347.647583 , 0.989746 , 0.000000 ,  2.77059E+07, 2476, 30000000 
exe/insertionSort.py 20000 , 450.174011 , 404.600891 , 1.120789 , 0.000000 ,  2.80652E+07, 2364, 30000000 
exe/insertionSort.py 20000 , 426.470886 , 383.980774 , 1.095337 , 0.000000 ,  2.58474E+07, 2364, 30000000 
exe/insertionSort.py 20000 , 422.939331 , 378.731018 , 1.055542 , 0.000000 ,  2.68104E+07, 2364, 30000000 
exe/insertionSort.py 20000 , 420.703613 , 376.512573 , 1.044556 , 0.000000 ,  2.67997E+07, 2364, 30000000 
exe/insertionSort.py 20000 , 419.197388 , 376.785339 , 1.041077 , 0.000000 ,  2.61079E+07, 2364, 30000000 
exe/insertionSort.py 20000 , 418.717773 , 375.571777 , 1.735107 , 0.000000 ,  2.59356E+07, 2296, 30000000 
exe/insertionSort.py 20000 , 412.264771 , 370.455505 , 1.004761 , 0.000000 ,  2.57601E+07, 2364, 30000000 
exe/insertionSort.py 20000 , 410.390076 , 367.338135 , 1.058777 , 0.000000 ,  2.60866E+07, 2364, 30000000 
exe/insertionSort.py 20000 , 387.645447 , 341.322937 , 1.017578 , 0.000000 ,  2.75296E+07, 2364, 30000000 
exe/insertionSort.py 20000 , 385.200378 , 338.623962 , 1.044861 , 0.000000 ,  2.76935E+07, 2364, 30000000 
exe/insertionSort.py 10000 , 431.701721 , 386.836426 , 1.092651 , 0.000000 ,  2.71904E+07, 2408, 30000000 
exe/insertionSort.py 10000 , 415.904480 , 373.021729 , 1.055908 , 0.000000 ,  2.59803E+07, 2408, 30000000 
exe/insertionSort.py 10000 , 413.154175 , 369.574341 , 1.440796 , 0.000000 ,  2.60967E+07, 2408, 30000000 
exe/insertionSort.py 10000 , 412.418823 , 369.431885 , 1.020447 , 0.000000 ,  2.6062E+07, 2408, 30000000 
exe/insertionSort.py 10000 , 410.492859 , 361.313232 , 1.083862 , 0.000000 ,  2.9265E+07, 2408, 30000000 
exe/insertionSort.py 10000 , 405.368652 , 358.202454 , 0.998840 , 0.000000 ,  2.8002E+07, 2408, 30000000 
exe/insertionSort.py 10000 , 389.144470 , 342.548096 , 1.055298 , 0.000000 ,  2.76993E+07, 2408, 30000000 
exe/insertionSort.py 10000 , 388.322937 , 340.834961 , 1.716858 , 0.000000 ,  2.76996E+07, 2340, 30000000 
exe/insertionSort.py 10000 , 387.508301 , 341.416382 , 1.000488 , 0.000000 ,  2.74191E+07, 2408, 30000000 
exe/insertionSort.py 10000 , 384.991394 , 338.967651 , 1.008972 , 0.000000 ,  2.73775E+07, 2408, 30000000 
exe/insertionSort 30000 , 3.838196 , 3.295105 , 0.165527 , 0.000000 ,  207969, 2408, 30000000 
exe/insertionSort 30000 , 3.756897 , 3.239624 , 0.159912 , 0.000000 ,  204047, 2408, 30000000 
exe/insertionSort 30000 , 3.646912 , 3.106079 , 0.160828 , 0.000000 ,  215236, 2408, 30000000 
exe/insertionSort 30000 , 3.545471 , 3.092041 , 0.112915 , 0.000000 ,  205644, 2340, 30000000 
exe/insertionSort 30000 , 3.439270 , 3.085815 , 0.039001 , 0.000000 ,  192819, 2408, 30000000 
exe/insertionSort 30000 , 3.285767 , 2.945435 , 0.032288 , 0.000000 ,  188444, 2408, 30000000 
exe/insertionSort 30000 , 3.279175 , 2.932556 , 0.030884 , 0.000000 ,  191655, 2408, 30000000 
exe/insertionSort 30000 , 3.267517 , 2.937805 , 0.024231 , 0.000000 ,  186693, 2408, 30000000 
exe/insertionSort 30000 , 3.210999 , 2.882324 , 0.021301 , 0.000000 ,  190593, 2408, 30000000 
exe/insertionSort 30000 , 3.146484 , 2.827271 , 0.029968 , 0.000000 ,  193458, 2408, 30000000 
exe/insertionSort 20000 , 1.681763 , 1.431763 , 0.084900 , 0.000000 ,  90967, 2376, 30000000 
exe/insertionSort 20000 , 1.650513 , 1.425781 , 0.065125 , 0.000000 ,  89858, 2376, 30000000 
exe/insertionSort 20000 , 1.616089 , 1.405884 , 0.048218 , 0.000000 ,  88081, 2376, 30000000 
exe/insertionSort 20000 , 1.569153 , 1.272217 , 0.088989 , 0.000000 ,  116973, 2376, 30000000 
exe/insertionSort 20000 , 1.507202 , 1.343140 , 0.025085 , 0.000000 ,  87331, 2376, 30000000 
exe/insertionSort 20000 , 1.500793 , 1.224792 , 0.077820 , 0.000000 ,  114128, 2376, 30000000 
exe/insertionSort 20000 , 1.500549 , 1.248962 , 0.064880 , 0.000000 ,  115109, 2372, 30000000 
exe/insertionSort 20000 , 1.472656 , 1.225037 , 0.069458 , 0.000000 ,  102700, 2376, 30000000 
exe/insertionSort 20000 , 1.440735 , 1.282288 , 0.022644 , 0.000000 ,  85150, 2376, 30000000 
exe/insertionSort 20000 , 1.392883 , 1.223022 , 0.023010 , 0.000000 ,  90679, 2376, 30000000 
exe/insertionSort 10000 , 0.508667 , 0.432983 , 0.010254 , 0.000000 ,  32237, 2376, 30000000 
exe/insertionSort 10000 , 0.484741 , 0.381165 , 0.015015 , 0.000000 ,  47477, 2376, 30000000 
exe/insertionSort 10000 , 0.397461 , 0.338806 , 0.010437 , 0.000000 ,  31630, 2308, 30000000 
exe/insertionSort 10000 , 0.280884 , 0.214172 , 0.012085 , 0.000000 ,  31869, 2376, 30000000 
exe/insertionSort 10000 , 0.277771 , 0.218689 , 0.010681 , 0.000000 ,  29310, 2376, 30000000 
exe/insertionSort 10000 , 0.276855 , 0.223083 , 0.010193 , 0.000000 ,  29436, 2376, 30000000 
exe/insertionSort 10000 , 0.276184 , 0.210022 , 0.013428 , 0.000000 ,  32214, 2376, 30000000 
exe/insertionSort 10000 , 0.273499 , 0.187378 , 0.015747 , 0.000000 ,  41732, 2376, 30000000 
exe/insertionSort 10000 , 0.270630 , 0.194153 , 0.015442 , 0.000000 ,  36056, 2376, 30000000 
exe/insertionSort 10000 , 0.263733 , 0.182007 , 0.014404 , 0.000000 ,  39990, 2376, 30000000 
exe/bubbleSort.py 30000 , 979.270996 , 876.122253 , 3.045288 , 0.000000 ,  6.20307E+07, 2356, 30000000 
exe/bubbleSort.py 30000 , 968.194519 , 872.041382 , 2.437500 , 0.000000 ,  5.84297E+07, 2424, 30000000 
exe/bubbleSort.py 30000 , 965.035400 , 869.151367 , 2.435120 , 0.000000 ,  5.83041E+07, 2424, 30000000 
exe/bubbleSort.py 30000 , 958.024170 , 860.110779 , 2.387390 , 0.000000 ,  5.91735E+07, 2424, 30000000 
exe/bubbleSort.py 30000 , 951.020386 , 854.635925 , 2.304810 , 0.000000 ,  5.91329E+07, 2424, 30000000 
exe/bubbleSort.py 30000 , 947.714783 , 852.176086 , 2.283569 , 0.000000 ,  5.85953E+07, 2424, 30000000 
exe/bubbleSort.py 30000 , 930.140198 , 832.847473 , 2.312317 , 0.000000 ,  5.89986E+07, 2424, 30000000 
exe/bubbleSort.py 30000 , 880.002258 , 774.646179 , 2.326477 , 0.000000 ,  6.25556E+07, 2424, 30000000 
exe/bubbleSort.py 30000 , 878.086609 , 773.003174 , 2.282471 , 0.000000 ,  6.24144E+07, 2424, 30000000 
exe/bubbleSort.py 30000 , 874.893982 , 769.897949 , 2.305054 , 0.000000 ,  6.23146E+07, 2424, 30000000 
exe/bubbleSort.py 20000 , 975.844727 , 880.835205 , 2.494507 , 0.000000 ,  5.7714E+07, 2408, 30000000 
exe/bubbleSort.py 20000 , 970.329773 , 872.837585 , 2.482788 , 0.000000 ,  5.93138E+07, 2408, 30000000 
exe/bubbleSort.py 20000 , 956.810791 , 860.993042 , 2.449402 , 0.000000 ,  5.82618E+07, 2408, 30000000 
exe/bubbleSort.py 20000 , 948.536316 , 848.658386 , 2.365601 , 0.000000 ,  6.05621E+07, 2408, 30000000 
exe/bubbleSort.py 20000 , 941.806702 , 842.479370 , 2.343689 , 0.000000 ,  6.0274E+07, 2408, 30000000 
exe/bubbleSort.py 20000 , 940.905701 , 843.388977 , 2.323914 , 0.000000 ,  5.90931E+07, 2408, 30000000 
exe/bubbleSort.py 20000 , 883.834778 , 777.150269 , 2.803955 , 0.000000 ,  6.29932E+07, 2340, 30000000 
exe/bubbleSort.py 20000 , 874.608459 , 769.658936 , 2.310120 , 0.000000 ,  6.24627E+07, 2408, 30000000 
exe/bubbleSort.py 20000 , 868.525269 , 764.463074 , 2.363464 , 0.000000 ,  6.18736E+07, 2408, 30000000 
exe/bubbleSort.py 20000 , 1006.101929 , 910.430359 , 2.557800 , 0.000000 ,  5.80543E+07, 2408, 30000000 
exe/bubbleSort.py 10000 , 988.659790 , 891.601868 , 2.588135 , 0.000000 ,  5.89322E+07, 2424, 30000000 
exe/bubbleSort.py 10000 , 972.594116 , 873.979370 , 2.375427 , 0.000000 ,  6.03041E+07, 2424, 30000000 
exe/bubbleSort.py 10000 , 952.929443 , 853.628418 , 2.321838 , 0.000000 ,  6.0223E+07, 2424, 30000000 
exe/bubbleSort.py 10000 , 938.189209 , 842.627258 , 2.297058 , 0.000000 ,  5.85104E+07, 2424, 30000000 
exe/bubbleSort.py 10000 , 922.732422 , 825.694458 , 2.268616 , 0.000000 ,  5.88244E+07, 2424, 30000000 
exe/bubbleSort.py 10000 , 922.302795 , 825.339539 , 2.285400 , 0.000000 ,  5.8774E+07, 2424, 30000000 
exe/bubbleSort.py 10000 , 870.233765 , 765.621521 , 2.312317 , 0.000000 ,  6.21193E+07, 2424, 30000000 
exe/bubbleSort.py 10000 , 869.740479 , 765.462585 , 2.342468 , 0.000000 ,  6.19476E+07, 2424, 30000000 
exe/bubbleSort.py 10000 , 867.995361 , 763.377502 , 2.277710 , 0.000000 ,  6.21969E+07, 2424, 30000000 
exe/bubbleSort.py 10000 , 1031.687744 , 921.743225 , 9.011047 , 0.000000 ,  6.0843E+07, 2356, 30000000 
exe/bubbleSort 30000 , 20.141235 , 17.413025 , 0.632446 , 0.000000 ,  1.19587E+06, 2328, 30000000 
exe/bubbleSort 30000 , 18.092896 , 16.238586 , 0.060791 , 0.000000 ,  1.11204E+06, 2396, 30000000 
exe/bubbleSort 30000 , 17.864014 , 15.991638 , 0.053589 , 0.000000 ,  1.11791E+06, 2396, 30000000 
exe/bubbleSort 30000 , 17.834351 , 15.957336 , 0.058228 , 0.000000 ,  1.12039E+06, 2396, 30000000 
exe/bubbleSort 30000 , 17.788879 , 15.904297 , 0.060974 , 0.000000 ,  1.1223E+06, 2396, 30000000 
exe/bubbleSort 30000 , 17.692688 , 15.841614 , 0.073853 , 0.000000 ,  1.1151E+06, 2396, 30000000 
exe/bubbleSort 30000 , 17.646729 , 15.837219 , 0.064636 , 0.000000 ,  1.10013E+06, 2396, 30000000 
exe/bubbleSort 30000 , 17.515930 , 15.710693 , 0.061218 , 0.000000 ,  1.11284E+06, 2396, 30000000 
exe/bubbleSort 30000 , 17.469299 , 15.647217 , 0.053589 , 0.000000 ,  1.12343E+06, 2396, 30000000 
exe/bubbleSort 30000 , 17.442871 , 15.651428 , 0.059448 , 0.000000 ,  1.10851E+06, 2396, 30000000 
exe/bubbleSort 20000 , 8.710266 , 7.501709 , 0.329956 , 0.000000 ,  514559, 2360, 30000000 
exe/bubbleSort 20000 , 8.587646 , 7.375122 , 0.280151 , 0.000000 ,  528304, 2428, 30000000 
exe/bubbleSort 20000 , 7.893433 , 7.076477 , 0.029236 , 0.000000 ,  482242, 2428, 30000000 
exe/bubbleSort 20000 , 7.713318 , 6.903076 , 0.046570 , 0.000000 ,  478128, 2428, 30000000 
exe/bubbleSort 20000 , 7.649963 , 6.844543 , 0.045654 , 0.000000 ,  471121, 2428, 30000000 
exe/bubbleSort 20000 , 7.633972 , 6.831787 , 0.036072 , 0.000000 ,  471678, 2428, 30000000 
exe/bubbleSort 20000 , 7.610352 , 6.821899 , 0.033813 , 0.000000 ,  473443, 2428, 30000000 
exe/bubbleSort 20000 , 7.593811 , 6.737854 , 0.033142 , 0.000000 ,  521842, 2428, 30000000 
exe/bubbleSort 20000 , 7.582397 , 6.795105 , 0.028015 , 0.000000 ,  469834, 2428, 30000000 
exe/bubbleSort 20000 , 7.565247 , 6.765869 , 0.035645 , 0.000000 ,  474761, 2428, 30000000 
exe/bubbleSort 10000 , 2.085938 , 1.837341 , 0.045288 , 0.000000 ,  112433, 2480, 30000000 
exe/bubbleSort 10000 , 1.821228 , 1.619385 , 0.029358 , 0.000000 ,  110213, 2412, 30000000 
exe/bubbleSort 10000 , 1.798462 , 1.497742 , 0.067505 , 0.000000 ,  137385, 2480, 30000000 
exe/bubbleSort 10000 , 1.733887 , 1.515686 , 0.037170 , 0.000000 ,  106857, 2480, 30000000 
exe/bubbleSort 10000 , 1.726562 , 1.506714 , 0.034058 , 0.000000 ,  111008, 2480, 30000000 
exe/bubbleSort 10000 , 1.687988 , 1.446228 , 0.030334 , 0.000000 ,  128945, 2480, 30000000 
exe/bubbleSort 10000 , 1.587097 , 1.366333 , 0.021118 , 0.000000 ,  122688, 2480, 30000000 
exe/bubbleSort 10000 , 1.577820 , 1.334839 , 0.024170 , 0.000000 ,  135402, 2480, 30000000 
exe/bubbleSort 10000 , 1.577209 , 1.348511 , 0.021179 , 0.000000 ,  134479, 2480, 30000000 
exe/bubbleSort 10000 , 1.565186 , 1.333313 , 0.017578 , 0.000000 ,  135430, 2480, 30000000 
exe/selectionSort.py 30000 , 398.550781 , 359.518127 , 0.255554 , 0.000000 ,  2.44312E+07, 2412, 40000000 
exe/selectionSort.py 30000 , 393.096191 , 354.264893 , 0.266663 , 0.000000 ,  2.43387E+07, 2412, 40000000 
exe/selectionSort.py 30000 , 391.212891 , 352.346130 , 0.243042 , 0.000000 ,  2.43282E+07, 2412, 40000000 
exe/selectionSort.py 30000 , 387.518982 , 348.495544 , 0.249023 , 0.000000 ,  2.43849E+07, 2412, 40000000 
exe/selectionSort.py 30000 , 386.692566 , 347.868774 , 0.253357 , 0.000000 ,  2.43552E+07, 2412, 40000000 
exe/selectionSort.py 30000 , 373.083801 , 330.168579 , 0.084229 , 0.000000 ,  2.61116E+07, 2412, 40000000 
exe/selectionSort.py 30000 , 370.993347 , 326.573547 , 0.930786 , 0.000000 ,  2.64261E+07, 2340, 40000000 
exe/selectionSort.py 30000 , 366.965027 , 324.026245 , 0.262878 , 0.000000 ,  2.60342E+07, 2412, 40000000 
exe/selectionSort.py 30000 , 365.984924 , 322.839844 , 0.268433 , 0.000000 ,  2.61835E+07, 2412, 40000000 
exe/selectionSort.py 30000 , 365.727356 , 322.533691 , 0.259094 , 0.000000 ,  2.62309E+07, 2412, 40000000 
exe/selectionSort.py 20000 , 404.124207 , 365.036133 , 0.260925 , 0.000000 ,  2.43861E+07, 2376, 40000000 
exe/selectionSort.py 20000 , 401.346008 , 361.765442 , 0.030579 , 0.000000 ,  2.48313E+07, 2376, 40000000 
exe/selectionSort.py 20000 , 400.975891 , 361.813965 , 0.265259 , 0.000000 ,  2.4411E+07, 2376, 40000000 
exe/selectionSort.py 20000 , 398.975769 , 360.010315 , 0.285767 , 0.000000 ,  2.42868E+07, 2376, 40000000 
exe/selectionSort.py 20000 , 395.451477 , 356.139587 , 0.252136 , 0.000000 ,  2.46968E+07, 2376, 40000000 
exe/selectionSort.py 20000 , 394.842041 , 355.710022 , 0.268250 , 0.000000 ,  2.46217E+07, 2376, 40000000 
exe/selectionSort.py 20000 , 390.491455 , 350.696533 , 0.248047 , 0.000000 ,  2.47882E+07, 2376, 40000000 
exe/selectionSort.py 20000 , 374.776428 , 330.532166 , 0.888306 , 0.000000 ,  2.62882E+07, 2304, 40000000 
exe/selectionSort.py 20000 , 368.902161 , 325.311462 , 0.192749 , 0.000000 ,  2.65214E+07, 2376, 40000000 
exe/selectionSort.py 20000 , 365.351013 , 322.522766 , 0.032532 , 0.000000 ,  2.61468E+07, 2376, 40000000 
exe/selectionSort.py 10000 , 400.999817 , 361.809265 , 0.282227 , 0.000000 ,  2.44334E+07, 2412, 40000000 
exe/selectionSort.py 10000 , 398.643005 , 359.904053 , 0.034546 , 0.000000 ,  2.43092E+07, 2412, 40000000 
exe/selectionSort.py 10000 , 396.741028 , 357.536682 , 0.245789 , 0.000000 ,  2.46147E+07, 2412, 40000000 
exe/selectionSort.py 10000 , 396.470276 , 357.430054 , 0.278198 , 0.000000 ,  2.43466E+07, 2412, 40000000 
exe/selectionSort.py 10000 , 392.254944 , 353.024353 , 0.255432 , 0.000000 ,  2.47604E+07, 2412, 40000000 
exe/selectionSort.py 10000 , 389.919128 , 351.227905 , 0.258911 , 0.000000 ,  2.44097E+07, 2412, 40000000 
exe/selectionSort.py 10000 , 386.639771 , 348.283203 , 0.212402 , 0.000000 ,  2.43077E+07, 2412, 40000000 
exe/selectionSort.py 10000 , 383.633606 , 343.754578 , 0.259583 , 0.000000 ,  2.48112E+07, 2412, 40000000 
exe/selectionSort.py 10000 , 375.705505 , 331.140137 , 1.060852 , 0.000000 ,  2.63647E+07, 2340, 40000000 
exe/selectionSort.py 10000 , 365.591370 , 322.749695 , 0.235718 , 0.000000 ,  2.59665E+07, 2412, 40000000 
exe/selectionSort 30000 , 21.330444 , 18.810486 , 0.334961 , 0.000000 ,  1.31101E+06, 2408, 40000000 
exe/selectionSort 30000 , 20.869324 , 18.253113 , 0.409729 , 0.000000 ,  1.31559E+06, 2480, 40000000 
exe/selectionSort 30000 , 19.519165 , 17.405579 , 0.042358 , 0.000000 ,  1.27038E+06, 2480, 40000000 
exe/selectionSort 30000 , 19.290710 , 17.192322 , 0.042969 , 0.000000 ,  1.26754E+06, 2480, 40000000 
exe/selectionSort 30000 , 19.280762 , 17.162476 , 0.044800 , 0.000000 ,  1.27054E+06, 2480, 40000000 
exe/selectionSort 30000 , 19.181580 , 17.090393 , 0.038818 , 0.000000 ,  1.27351E+06, 2480, 40000000 
exe/selectionSort 30000 , 19.050171 , 17.009766 , 0.037659 , 0.000000 ,  1.27565E+06, 2480, 40000000 
exe/selectionSort 30000 , 19.022400 , 17.003113 , 0.038086 , 0.000000 ,  1.27142E+06, 2480, 40000000 
exe/selectionSort 30000 , 18.903931 , 16.884277 , 0.039124 , 0.000000 ,  1.27456E+06, 2480, 40000000 
exe/selectionSort 30000 , 18.870483 , 16.860657 , 0.033081 , 0.000000 ,  1.2714E+06, 2480, 40000000 
exe/selectionSort 20000 , 8.650452 , 7.691040 , 0.033752 , 0.000000 ,  563839, 2376, 40000000 
exe/selectionSort 20000 , 8.596497 , 7.657288 , 0.030762 , 0.000000 ,  565831, 2376, 40000000 
exe/selectionSort 20000 , 8.530640 , 7.603271 , 0.032715 , 0.000000 ,  562966, 2376, 40000000 
exe/selectionSort 20000 , 8.522705 , 7.581482 , 0.039490 , 0.000000 ,  562691, 2376, 40000000 
exe/selectionSort 20000 , 8.521362 , 7.588989 , 0.022278 , 0.000000 ,  561461, 2376, 40000000 
exe/selectionSort 20000 , 8.519653 , 7.596863 , 0.039856 , 0.000000 ,  558359, 2376, 40000000 
exe/selectionSort 20000 , 8.463806 , 7.502136 , 0.035217 , 0.000000 ,  576146, 2376, 40000000 
exe/selectionSort 20000 , 8.417847 , 7.433960 , 0.024231 , 0.000000 ,  590717, 2376, 40000000 
exe/selectionSort 20000 , 8.261047 , 7.347595 , 0.025574 , 0.000000 ,  569361, 2376, 40000000 
exe/selectionSort 20000 , 10.119812 , 8.604065 , 0.441833 , 0.000000 ,  613431, 2304, 40000000 
exe/selectionSort 10000 , 2.148499 , 1.889771 , 0.031494 , 0.000000 ,  138114, 2372, 40000000 
exe/selectionSort 10000 , 2.134644 , 1.875183 , 0.035645 , 0.000000 ,  138124, 2372, 40000000 
exe/selectionSort 10000 , 2.133850 , 1.856812 , 0.029236 , 0.000000 ,  141105, 2372, 40000000 
exe/selectionSort 10000 , 2.129272 , 1.869080 , 0.031006 , 0.000000 ,  139847, 2372, 40000000 
exe/selectionSort 10000 , 2.117920 , 1.860962 , 0.028564 , 0.000000 ,  141766, 2372, 40000000 
exe/selectionSort 10000 , 2.111511 , 1.863403 , 0.021484 , 0.000000 ,  138622, 2372, 40000000 
exe/selectionSort 10000 , 2.098572 , 1.829102 , 0.033569 , 0.000000 ,  139633, 2372, 40000000 
exe/selectionSort 10000 , 2.094666 , 1.830200 , 0.021729 , 0.000000 ,  149849, 2372, 40000000 
exe/selectionSort 10000 , 2.062256 , 1.813660 , 0.022034 , 0.000000 ,  143326, 2372, 40000000 
exe/selectionSort 10000 , 2.049255 , 1.804321 , 0.023254 , 0.000000 ,  141670, 2368, 40000000 
exe/radixSort.py 30000 , 67.765442 , 59.972778 , 1.038391 , 0.000000 ,  4.03668E+06, 2360, 40000000 
exe/radixSort.py 30000 , 64.261414 , 58.319092 , 0.077271 , 0.000000 ,  3.69198E+06, 2432, 40000000 
exe/radixSort.py 30000 , 64.193420 , 58.260742 , 0.065552 , 0.000000 ,  3.68871E+06, 2432, 40000000 
exe/radixSort.py 30000 , 63.522339 , 57.615906 , 0.061218 , 0.000000 ,  3.67841E+06, 2432, 40000000 
exe/radixSort.py 30000 , 63.317566 , 57.369873 , 0.072937 , 0.000000 ,  3.68412E+06, 2432, 40000000 
exe/radixSort.py 30000 , 62.374756 , 56.442871 , 0.082764 , 0.000000 ,  3.70039E+06, 2432, 40000000 
exe/radixSort.py 30000 , 61.776855 , 55.771729 , 0.063232 , 0.000000 ,  3.71915E+06, 2432, 40000000 
exe/radixSort.py 30000 , 60.710938 , 54.649231 , 0.065002 , 0.000000 ,  3.75651E+06, 2432, 40000000 
exe/radixSort.py 30000 , 60.517578 , 54.408936 , 0.059509 , 0.000000 ,  3.79019E+06, 2432, 40000000 
exe/radixSort.py 30000 , 57.070068 , 50.618713 , 0.070557 , 0.000000 ,  3.89149E+06, 2432, 40000000 
exe/radixSort.py 20000 , 70.224365 , 62.534912 , 1.119263 , 0.000000 ,  3.91922E+06, 2316, 40000000 
exe/radixSort.py 20000 , 62.467651 , 56.485535 , 0.072754 , 0.000000 ,  3.73365E+06, 2388, 40000000 
exe/radixSort.py 20000 , 61.521545 , 55.361877 , 0.080139 , 0.000000 ,  3.8097E+06, 2388, 40000000 
exe/radixSort.py 20000 , 60.715820 , 54.678101 , 0.066162 , 0.000000 ,  3.7437E+06, 2388, 40000000 
exe/radixSort.py 20000 , 60.167358 , 53.973022 , 0.070007 , 0.000000 ,  3.83294E+06, 2388, 40000000 
exe/radixSort.py 20000 , 58.916931 , 52.907104 , 0.053833 , 0.000000 ,  3.76364E+06, 2388, 40000000 
exe/radixSort.py 20000 , 58.547974 , 51.978943 , 0.077576 , 0.000000 ,  3.96583E+06, 2388, 40000000 
exe/radixSort.py 20000 , 57.938171 , 51.445984 , 0.072205 , 0.000000 ,  3.92512E+06, 2388, 40000000 
exe/radixSort.py 20000 , 57.283630 , 50.858459 , 0.056580 , 0.000000 ,  3.89147E+06, 2388, 40000000 
exe/radixSort.py 20000 , 57.213684 , 50.769104 , 0.067688 , 0.000000 ,  3.89029E+06, 2388, 40000000 
exe/radixSort.py 10000 , 66.320862 , 60.170654 , 0.077454 , 0.000000 ,  3.82178E+06, 2492, 40000000 
exe/radixSort.py 10000 , 65.585510 , 58.328491 , 0.755676 , 0.000000 ,  3.95239E+06, 2420, 40000000 
exe/radixSort.py 10000 , 63.657532 , 57.730896 , 0.064270 , 0.000000 ,  3.68404E+06, 2492, 40000000 
exe/radixSort.py 10000 , 63.623169 , 57.669434 , 0.082764 , 0.000000 ,  3.6934E+06, 2492, 40000000 
exe/radixSort.py 10000 , 63.119080 , 57.250610 , 0.033691 , 0.000000 ,  3.66703E+06, 2492, 40000000 
exe/radixSort.py 10000 , 60.716980 , 54.644470 , 0.060120 , 0.000000 ,  3.76402E+06, 2492, 40000000 
exe/radixSort.py 10000 , 60.661804 , 54.532104 , 0.077332 , 0.000000 ,  3.78609E+06, 2492, 40000000 
exe/radixSort.py 10000 , 59.089783 , 52.963745 , 0.060669 , 0.000000 ,  3.79542E+06, 2492, 40000000 
exe/radixSort.py 10000 , 57.082581 , 50.575195 , 0.059387 , 0.000000 ,  3.93964E+06, 2492, 40000000 
exe/radixSort.py 10000 , 56.167969 , 49.626221 , 0.060486 , 0.000000 ,  3.94991E+06, 2492, 40000000 
exe/radixSort 30000 , 0.049194 , 0.025635 , 0.008362 , 0.000000 ,  6776, 2368, 40000000 
exe/radixSort 30000 , 0.046814 , 0.022583 , 0.006592 , 0.000000 ,  7371, 2368, 40000000 
exe/radixSort 30000 , 0.046753 , 0.021240 , 0.005127 , 0.000000 ,  7234, 2368, 40000000 
exe/radixSort 30000 , 0.036499 , 0.022705 , 0.003845 , 0.000000 ,  6826, 2368, 40000000 
exe/radixSort 30000 , 0.036316 , 0.024963 , 0.002869 , 0.000000 ,  7241, 2368, 40000000 
exe/radixSort 30000 , 0.036133 , 0.019653 , 0.002625 , 0.000000 ,  7138, 2368, 40000000 
exe/radixSort 30000 , 0.033691 , 0.019287 , 0.003174 , 0.000000 ,  6778, 2368, 40000000 
exe/radixSort 30000 , 0.030823 , 0.015564 , 0.002686 , 0.000000 ,  6956, 2368, 40000000 
exe/radixSort 30000 , 0.028320 , 0.015198 , 0.000000 , 0.000000 ,  6305, 2368, 40000000 
exe/radixSort 30000 , 0.027161 , 0.015198 , 0.000000 , 0.000000 ,  7407, 2296, 40000000 
exe/radixSort 20000 , 0.053406 , 0.026855 , 0.004883 , 0.000000 ,  7087, 2484, 40000000 
exe/radixSort 20000 , 0.044006 , 0.024414 , 0.006348 , 0.000000 ,  7399, 2484, 40000000 
exe/radixSort 20000 , 0.042175 , 0.022400 , 0.004395 , 0.000000 ,  7379, 2484, 40000000 
exe/radixSort 20000 , 0.039062 , 0.020935 , 0.003479 , 0.000000 ,  7045, 2484, 40000000 
exe/radixSort 20000 , 0.035400 , 0.018127 , 0.004822 , 0.000000 ,  7114, 2484, 40000000 
exe/radixSort 20000 , 0.032227 , 0.014893 , 0.002380 , 0.000000 ,  6806, 2484, 40000000 
exe/radixSort 20000 , 0.024902 , 0.015198 , 0.000000 , 0.000000 ,  7301, 2412, 40000000 
exe/radixSort 20000 , 0.024414 , 0.016418 , 0.000000 , 0.000000 ,  6122, 2484, 40000000 
exe/radixSort 20000 , 0.023743 , 0.014832 , 0.000000 , 0.000000 ,  6271, 2484, 40000000 
exe/radixSort 20000 , 0.022949 , 0.016052 , 0.000061 , 0.000000 ,  5066, 2484, 40000000 
exe/radixSort 10000 , 0.088928 , 0.073181 , 0.005554 , 0.000000 ,  2832, 2472, 40000000 
exe/radixSort 10000 , 0.066040 , 0.049927 , 0.000000 , 0.000000 ,  2430, 2472, 40000000 
exe/radixSort 10000 , 0.046265 , 0.049988 , 0.000732 , 0.000000 ,  2412, 2472, 40000000 
exe/radixSort 10000 , 0.042603 , 0.028992 , 0.002625 , 0.000000 ,  2365, 2472, 40000000 
exe/radixSort 10000 , 0.033936 , 0.031250 , 0.000000 , 0.000000 ,  3328, 2400, 40000000 
exe/radixSort 10000 , 0.032227 , 0.032959 , 0.000000 , 0.000000 ,  2268, 2472, 40000000 
exe/radixSort 10000 , 0.031250 , 0.017883 , 0.002319 , 0.000000 ,  5519, 2472, 40000000 
exe/radixSort 10000 , 0.031189 , 0.015930 , 0.002808 , 0.000000 ,  5665, 2472, 40000000 
exe/radixSort 10000 , 0.029541 , 0.016907 , 0.003845 , 0.000000 ,  4027, 2472, 40000000 
exe/radixSort 10000 , 0.021362 , 0.014954 , 0.000000 , 0.000000 ,  5637, 2472, 40000000 
exe/insertionSort.py 30000 , 418.665955 , 376.616577 , 0.263794 , 0.000000 ,  2.64821E+07, 2368, 40000000 
exe/insertionSort.py 30000 , 416.923279 , 374.946045 , 1.012207 , 0.000000 ,  2.55948E+07, 2296, 40000000 
exe/insertionSort.py 30000 , 416.611206 , 375.591614 , 0.287964 , 0.000000 ,  2.55621E+07, 2368, 40000000 
exe/insertionSort.py 30000 , 412.668701 , 371.406250 , 0.272400 , 0.000000 ,  2.59607E+07, 2368, 40000000 
exe/insertionSort.py 30000 , 406.713501 , 365.887878 , 0.254578 , 0.000000 ,  2.54762E+07, 2368, 40000000 
exe/insertionSort.py 30000 , 406.359680 , 365.896912 , 0.251648 , 0.000000 ,  2.55499E+07, 2368, 40000000 
exe/insertionSort.py 30000 , 405.958618 , 364.565308 , 0.244934 , 0.000000 ,  2.58224E+07, 2368, 40000000 
exe/insertionSort.py 30000 , 400.934326 , 359.247192 , 0.252136 , 0.000000 ,  2.59014E+07, 2368, 40000000 
exe/insertionSort.py 30000 , 376.435730 , 331.544922 , 0.301270 , 0.000000 ,  2.73098E+07, 2368, 40000000 
exe/insertionSort.py 30000 , 376.202209 , 331.081055 , 0.269531 , 0.000000 ,  2.74523E+07, 2368, 40000000 
exe/insertionSort.py 20000 , 418.145081 , 376.736816 , 0.295227 , 0.000000 ,  2.58054E+07, 2368, 40000000 
exe/insertionSort.py 20000 , 417.480347 , 376.858704 , 0.238647 , 0.000000 ,  2.53537E+07, 2368, 40000000 
exe/insertionSort.py 20000 , 416.861816 , 374.856506 , 0.290405 , 0.000000 ,  2.63498E+07, 2368, 40000000 
exe/insertionSort.py 20000 , 414.599426 , 373.626953 , 0.276184 , 0.000000 ,  2.55301E+07, 2368, 40000000 
exe/insertionSort.py 20000 , 412.810181 , 372.086121 , 0.285889 , 0.000000 ,  2.53899E+07, 2368, 40000000 
exe/insertionSort.py 20000 , 407.856567 , 366.989563 , 0.249329 , 0.000000 ,  2.54926E+07, 2368, 40000000 
exe/insertionSort.py 20000 , 405.628723 , 363.069702 , 0.920471 , 0.000000 ,  2.59267E+07, 2296, 40000000 
exe/insertionSort.py 20000 , 403.712097 , 362.945984 , 0.247314 , 0.000000 ,  2.55886E+07, 2368, 40000000 
exe/insertionSort.py 20000 , 379.759583 , 335.166321 , 0.244263 , 0.000000 ,  2.71639E+07, 2368, 40000000 
exe/insertionSort.py 20000 , 375.674561 , 330.623291 , 0.293640 , 0.000000 ,  2.74039E+07, 2368, 40000000 
exe/insertionSort.py 10000 , 416.470032 , 375.153748 , 0.281982 , 0.000000 ,  2.57529E+07, 2412, 40000000 
exe/insertionSort.py 10000 , 412.513550 , 371.559875 , 0.293579 , 0.000000 ,  2.55184E+07, 2412, 40000000 
exe/insertionSort.py 10000 , 412.458191 , 371.313477 , 0.272705 , 0.000000 ,  2.56373E+07, 2412, 40000000 
exe/insertionSort.py 10000 , 412.309448 , 371.389465 , 0.289734 , 0.000000 ,  2.54945E+07, 2412, 40000000 
exe/insertionSort.py 10000 , 411.050476 , 370.103271 , 0.281921 , 0.000000 ,  2.55217E+07, 2412, 40000000 
exe/insertionSort.py 10000 , 409.101990 , 367.111328 , 1.083862 , 0.000000 ,  2.57243E+07, 2340, 40000000 
exe/insertionSort.py 10000 , 405.509033 , 364.223022 , 0.273315 , 0.000000 ,  2.59267E+07, 2412, 40000000 
exe/insertionSort.py 10000 , 402.362732 , 361.650635 , 0.273682 , 0.000000 ,  2.55544E+07, 2412, 40000000 
exe/insertionSort.py 10000 , 401.128601 , 360.311218 , 0.260742 , 0.000000 ,  2.56198E+07, 2412, 40000000 
exe/insertionSort.py 10000 , 375.974670 , 330.568176 , 0.272156 , 0.000000 ,  2.7604E+07, 2412, 40000000 
exe/insertionSort 30000 , 3.749878 , 3.314636 , 0.100708 , 0.000000 ,  199298, 2472, 40000000 
exe/insertionSort 30000 , 3.528809 , 3.123230 , 0.080505 , 0.000000 ,  194347, 2472, 40000000 
exe/insertionSort 30000 , 3.494385 , 3.135498 , 0.017761 , 0.000000 ,  214174, 2400, 40000000 
exe/insertionSort 30000 , 3.248596 , 2.910095 , 0.029907 , 0.000000 ,  185448, 2472, 40000000 
exe/insertionSort 30000 , 3.221436 , 2.891418 , 0.024597 , 0.000000 ,  184437, 2472, 40000000 
exe/insertionSort 30000 , 3.204712 , 2.883972 , 0.024475 , 0.000000 ,  184995, 2472, 40000000 
exe/insertionSort 30000 , 3.164673 , 2.816345 , 0.028748 , 0.000000 ,  189627, 2472, 40000000 
exe/insertionSort 30000 , 3.159607 , 2.826904 , 0.022522 , 0.000000 ,  186724, 2472, 40000000 
exe/insertionSort 30000 , 3.094910 , 2.764648 , 0.022278 , 0.000000 ,  190489, 2472, 40000000 
exe/insertionSort 30000 , 3.073242 , 2.725708 , 0.021057 , 0.000000 ,  190233, 2472, 40000000 
exe/insertionSort 20000 , 1.660156 , 1.411499 , 0.083252 , 0.000000 ,  95304, 2472, 40000000 
exe/insertionSort 20000 , 1.659302 , 1.407349 , 0.079529 , 0.000000 ,  91744, 2472, 40000000 
exe/insertionSort 20000 , 1.638367 , 1.405762 , 0.074646 , 0.000000 ,  90174, 2472, 40000000 
exe/insertionSort 20000 , 1.621277 , 1.394531 , 0.059204 , 0.000000 ,  96137, 2400, 40000000 
exe/insertionSort 20000 , 1.552612 , 1.304382 , 0.076965 , 0.000000 ,  97965, 2472, 40000000 
exe/insertionSort 20000 , 1.533752 , 1.268188 , 0.075684 , 0.000000 ,  106846, 2472, 40000000 
exe/insertionSort 20000 , 1.527100 , 1.246033 , 0.081726 , 0.000000 ,  115209, 2472, 40000000 
exe/insertionSort 20000 , 1.470520 , 1.316772 , 0.021545 , 0.000000 ,  86254, 2472, 40000000 
exe/insertionSort 20000 , 1.427856 , 1.269104 , 0.024292 , 0.000000 ,  88931, 2472, 40000000 
exe/insertionSort 20000 , 1.287659 , 1.094910 , 0.019409 , 0.000000 ,  108541, 2472, 40000000 
exe/insertionSort 10000 , 0.415588 , 0.361938 , 0.016541 , 0.000000 ,  23299, 2364, 40000000 
exe/insertionSort 10000 , 0.390686 , 0.327026 , 0.015869 , 0.000000 ,  23529, 2364, 40000000 
exe/insertionSort 10000 , 0.390076 , 0.326965 , 0.015625 , 0.000000 ,  24654, 2364, 40000000 
exe/insertionSort 10000 , 0.383484 , 0.310425 , 0.018921 , 0.000000 ,  24312, 2364, 40000000 
exe/insertionSort 10000 , 0.374878 , 0.324890 , 0.008606 , 0.000000 ,  26886, 2292, 40000000 
exe/insertionSort 10000 , 0.332886 , 0.217468 , 0.037537 , 0.000000 ,  47475, 2364, 40000000 
exe/insertionSort 10000 , 0.327576 , 0.229309 , 0.029297 , 0.000000 ,  42441, 2364, 40000000 
exe/insertionSort 10000 , 0.325439 , 0.210022 , 0.032654 , 0.000000 ,  45901, 2364, 40000000 
exe/insertionSort 10000 , 0.324463 , 0.198853 , 0.035828 , 0.000000 ,  49817, 2364, 40000000 
exe/insertionSort 10000 , 0.324341 , 0.211609 , 0.030151 , 0.000000 ,  45508, 2364, 40000000 
exe/bubbleSort.py 30000 , 944.673401 , 851.315857 , 0.500183 , 0.000000 ,  5.83093E+07, 2468, 40000000 
exe/bubbleSort.py 30000 , 932.152893 , 840.040894 , 0.509827 , 0.000000 ,  5.75685E+07, 2468, 40000000 
exe/bubbleSort.py 30000 , 928.388306 , 835.698853 , 1.026062 , 0.000000 ,  5.74823E+07, 2396, 40000000 
exe/bubbleSort.py 30000 , 927.569031 , 835.379944 , 0.548645 , 0.000000 ,  5.75207E+07, 2468, 40000000 
exe/bubbleSort.py 30000 , 926.525208 , 834.413757 , 0.549988 , 0.000000 ,  5.74877E+07, 2468, 40000000 
exe/bubbleSort.py 30000 , 926.364014 , 834.347473 , 0.525208 , 0.000000 ,  5.74504E+07, 2468, 40000000 
exe/bubbleSort.py 30000 , 920.822327 , 812.673767 , 0.505859 , 0.000000 ,  6.57481E+07, 2468, 40000000 
exe/bubbleSort.py 30000 , 917.940369 , 822.389343 , 0.476196 , 0.000000 ,  5.94976E+07, 2468, 40000000 
exe/bubbleSort.py 30000 , 870.767456 , 767.865784 , 0.506714 , 0.000000 ,  6.26611E+07, 2468, 40000000 
exe/bubbleSort.py 30000 , 866.457458 , 762.968201 , 0.520874 , 0.000000 ,  6.29116E+07, 2468, 40000000 
exe/bubbleSort.py 20000 , 967.038147 , 871.803711 , 0.507385 , 0.000000 ,  5.95097E+07, 2380, 40000000 
exe/bubbleSort.py 20000 , 941.453735 , 847.595337 , 0.971375 , 0.000000 ,  5.81413E+07, 2308, 40000000 
exe/bubbleSort.py 20000 , 932.152954 , 838.893127 , 0.492004 , 0.000000 ,  5.81843E+07, 2380, 40000000 
exe/bubbleSort.py 20000 , 912.200745 , 819.969116 , 0.493591 , 0.000000 ,  5.79438E+07, 2380, 40000000 
exe/bubbleSort.py 20000 , 907.043945 , 815.398010 , 0.506470 , 0.000000 ,  5.77733E+07, 2380, 40000000 
exe/bubbleSort.py 20000 , 906.195862 , 811.875977 , 0.493835 , 0.000000 ,  5.8704E+07, 2380, 40000000 
exe/bubbleSort.py 20000 , 905.689331 , 811.599548 , 0.489258 , 0.000000 ,  5.86409E+07, 2380, 40000000 
exe/bubbleSort.py 20000 , 897.634094 , 791.510925 , 0.518311 , 0.000000 ,  6.45037E+07, 2380, 40000000 
exe/bubbleSort.py 20000 , 858.919067 , 757.264465 , 0.526855 , 0.000000 ,  6.19287E+07, 2380, 40000000 
exe/bubbleSort.py 20000 , 858.026245 , 755.645325 , 0.527710 , 0.000000 ,  6.23815E+07, 2380, 40000000 
exe/bubbleSort.py 10000 , 985.827087 , 887.805908 , 2.254883 , 0.000000 ,  5.9788E+07, 2480, 40000000 
exe/bubbleSort.py 10000 , 970.408875 , 873.977661 , 2.192505 , 0.000000 ,  5.88009E+07, 2480, 40000000 
exe/bubbleSort.py 10000 , 970.402344 , 873.847473 , 2.235718 , 0.000000 ,  5.88483E+07, 2480, 40000000 
exe/bubbleSort.py 10000 , 968.193542 , 871.376343 , 2.080139 , 0.000000 ,  5.91338E+07, 2480, 40000000 
exe/bubbleSort.py 10000 , 964.187378 , 867.474426 , 2.103394 , 0.000000 ,  5.91274E+07, 2480, 40000000 
exe/bubbleSort.py 10000 , 882.264465 , 776.899048 , 1.847961 , 0.000000 ,  6.29105E+07, 2480, 40000000 
exe/bubbleSort.py 10000 , 1357.675720 , 1205.961853 , 22.290100 , 0.000000 ,  7.56204E+07, 2480, 40000000 
exe/bubbleSort.py 10000 , 1300.855286 , 1153.390198 , 24.800171 , 0.000000 ,  6.94899E+07, 2412, 40000000 
exe/bubbleSort.py 10000 , 1122.782715 , 1001.687195 , 12.887329 , 0.000000 ,  6.42858E+07, 2480, 40000000 
exe/bubbleSort.py 10000 , 1071.985046 , 959.860046 , 9.738831 , 0.000000 ,  6.16183E+07, 2480, 40000000 
exe/bubbleSort 30000 , 19.520447 , 17.004272 , 0.548462 , 0.000000 ,  1.14893E+06, 2432, 40000000 
exe/bubbleSort 30000 , 19.142273 , 17.083374 , 0.197021 , 0.000000 ,  1.12577E+06, 2360, 40000000 
exe/bubbleSort 30000 , 17.463379 , 15.675110 , 0.040466 , 0.000000 ,  1.09612E+06, 2432, 40000000 
exe/bubbleSort 30000 , 17.425049 , 15.561523 , 0.031067 , 0.000000 ,  1.11607E+06, 2432, 40000000 
exe/bubbleSort 30000 , 17.368774 , 15.577087 , 0.043274 , 0.000000 ,  1.09752E+06, 2432, 40000000 
exe/bubbleSort 30000 , 17.361084 , 15.574951 , 0.031006 , 0.000000 ,  1.09965E+06, 2432, 40000000 
exe/bubbleSort 30000 , 17.354919 , 15.590820 , 0.032593 , 0.000000 ,  1.08633E+06, 2432, 40000000 
exe/bubbleSort 30000 , 17.190613 , 15.451843 , 0.033020 , 0.000000 ,  1.09504E+06, 2432, 40000000 
exe/bubbleSort 30000 , 17.175354 , 15.433594 , 0.041809 , 0.000000 ,  1.09346E+06, 2432, 40000000 
exe/bubbleSort 30000 , 17.143066 , 15.388123 , 0.040100 , 0.000000 ,  1.09409E+06, 2432, 40000000 
exe/bubbleSort 20000 , 8.522583 , 7.380188 , 0.275269 , 0.000000 ,  497369, 2380, 40000000 
exe/bubbleSort 20000 , 8.408081 , 7.158997 , 0.347412 , 0.000000 ,  528974, 2308, 40000000 
exe/bubbleSort 20000 , 7.584290 , 6.771790 , 0.034241 , 0.000000 ,  474516, 2380, 40000000 
exe/bubbleSort 20000 , 7.503906 , 6.725708 , 0.037170 , 0.000000 ,  469418, 2380, 40000000 
exe/bubbleSort 20000 , 7.500671 , 6.705200 , 0.025024 , 0.000000 ,  469136, 2380, 40000000 
exe/bubbleSort 20000 , 7.491943 , 6.703186 , 0.035339 , 0.000000 ,  471069, 2380, 40000000 
exe/bubbleSort 20000 , 7.477356 , 6.680847 , 0.039185 , 0.000000 ,  467701, 2380, 40000000 
exe/bubbleSort 20000 , 7.462402 , 6.680725 , 0.032593 , 0.000000 ,  470510, 2380, 40000000 
exe/bubbleSort 20000 , 7.455750 , 6.706482 , 0.015015 , 0.000000 ,  466362, 2380, 40000000 
exe/bubbleSort 20000 , 7.419983 , 6.656799 , 0.017944 , 0.000000 ,  466475, 2380, 40000000 
exe/bubbleSort 10000 , 2.134216 , 1.917053 , 0.020630 , 0.000000 ,  113345, 2400, 40000000 
exe/bubbleSort 10000 , 1.965210 , 1.738098 , 0.031677 , 0.000000 ,  114604, 2468, 40000000 
exe/bubbleSort 10000 , 1.871582 , 1.658752 , 0.030762 , 0.000000 ,  110917, 2468, 40000000 
exe/bubbleSort 10000 , 1.786865 , 1.569092 , 0.030945 , 0.000000 ,  107311, 2468, 40000000 
exe/bubbleSort 10000 , 1.773376 , 1.565979 , 0.026489 , 0.000000 ,  108868, 2468, 40000000 
exe/bubbleSort 10000 , 1.739746 , 1.527405 , 0.017273 , 0.000000 ,  112279, 2468, 40000000 
exe/bubbleSort 10000 , 1.707703 , 1.513000 , 0.028625 , 0.000000 ,  107458, 2468, 40000000 
exe/bubbleSort 10000 , 1.703674 , 1.518372 , 0.016968 , 0.000000 ,  107972, 2468, 40000000 
exe/bubbleSort 10000 , 1.679382 , 1.454407 , 0.019409 , 0.000000 ,  125587, 2468, 40000000 
exe/bubbleSort 10000 , 1.619263 , 1.407898 , 0.013794 , 0.000000 ,  127785, 2468, 40000000 
exe/selectionSort.py 30000 , 413.035889 , 372.009705 , 0.287903 , 0.000000 ,  2.55287E+07, 2516, 50000000 
exe/selectionSort.py 30000 , 410.849792 , 369.875854 , 0.268616 , 0.000000 ,  2.54901E+07, 2516, 50000000 
exe/selectionSort.py 30000 , 410.781982 , 369.834473 , 0.299316 , 0.000000 ,  2.54576E+07, 2516, 50000000 
exe/selectionSort.py 30000 , 407.979248 , 365.319519 , 0.867065 , 0.000000 ,  2.6028E+07, 2444, 50000000 
exe/selectionSort.py 30000 , 402.235840 , 360.360107 , 0.277527 , 0.000000 ,  2.60259E+07, 2516, 50000000 
exe/selectionSort.py 30000 , 400.661011 , 359.086060 , 0.259094 , 0.000000 ,  2.58495E+07, 2516, 50000000 
exe/selectionSort.py 30000 , 400.053406 , 358.036499 , 0.262207 , 0.000000 ,  2.61274E+07, 2516, 50000000 
exe/selectionSort.py 30000 , 399.856201 , 358.317993 , 0.238892 , 0.000000 ,  2.58539E+07, 2516, 50000000 
exe/selectionSort.py 30000 , 398.970215 , 357.356079 , 0.054260 , 0.000000 ,  2.60606E+07, 2516, 50000000 
exe/selectionSort.py 30000 , 375.480591 , 329.938416 , 0.229370 , 0.000000 ,  2.76529E+07, 2516, 50000000 
exe/selectionSort.py 20000 , 413.320190 , 372.156494 , 0.283447 , 0.000000 ,  2.56116E+07, 2416, 50000000 
exe/selectionSort.py 20000 , 411.966797 , 370.834961 , 0.304810 , 0.000000 ,  2.55705E+07, 2416, 50000000 
exe/selectionSort.py 20000 , 409.142944 , 366.350769 , 0.938965 , 0.000000 ,  2.60206E+07, 2344, 50000000 
exe/selectionSort.py 20000 , 408.889221 , 368.148804 , 0.266357 , 0.000000 ,  2.54771E+07, 2416, 50000000 
exe/selectionSort.py 20000 , 408.808289 , 367.774353 , 0.289368 , 0.000000 ,  2.56529E+07, 2416, 50000000 
exe/selectionSort.py 20000 , 405.544983 , 364.951904 , 0.261780 , 0.000000 ,  2.54509E+07, 2416, 50000000 
exe/selectionSort.py 20000 , 405.529602 , 364.771667 , 0.252075 , 0.000000 ,  2.54915E+07, 2416, 50000000 
exe/selectionSort.py 20000 , 399.404846 , 357.826965 , 0.279724 , 0.000000 ,  2.58352E+07, 2416, 50000000 
exe/selectionSort.py 20000 , 398.610718 , 357.224609 , 0.146057 , 0.000000 ,  2.583E+07, 2416, 50000000 
exe/selectionSort.py 20000 , 377.225098 , 331.769104 , 0.245056 , 0.000000 ,  2.75505E+07, 2416, 50000000 
exe/selectionSort.py 10000 , 434.882874 , 391.221375 , 1.025391 , 0.000000 ,  2.65757E+07, 2344, 50000000 
exe/selectionSort.py 10000 , 417.410095 , 376.486206 , 0.283081 , 0.000000 ,  2.54531E+07, 2416, 50000000 
exe/selectionSort.py 10000 , 416.624207 , 375.727051 , 0.292297 , 0.000000 ,  2.54357E+07, 2416, 50000000 
exe/selectionSort.py 10000 , 415.141602 , 374.381897 , 0.284485 , 0.000000 ,  2.53599E+07, 2416, 50000000 
exe/selectionSort.py 10000 , 408.032532 , 365.699951 , 0.237915 , 0.000000 ,  2.63497E+07, 2416, 50000000 
exe/selectionSort.py 10000 , 407.600525 , 366.915649 , 0.253479 , 0.000000 ,  2.54721E+07, 2416, 50000000 
exe/selectionSort.py 10000 , 407.104309 , 366.420776 , 0.286133 , 0.000000 ,  2.5499E+07, 2416, 50000000 
exe/selectionSort.py 10000 , 402.154419 , 359.754150 , 0.238037 , 0.000000 ,  2.6378E+07, 2416, 50000000 
exe/selectionSort.py 10000 , 401.631653 , 360.385498 , 0.232422 , 0.000000 ,  2.57167E+07, 2416, 50000000 
exe/selectionSort.py 10000 , 382.560913 , 336.672058 , 0.254150 , 0.000000 ,  2.78187E+07, 2416, 50000000 
exe/selectionSort 30000 , 22.063599 , 19.370605 , 0.382019 , 0.000000 ,  1.34691E+06, 2372, 50000000 
exe/selectionSort 30000 , 19.818604 , 17.755676 , 0.043213 , 0.000000 ,  1.29176E+06, 2444, 50000000 
exe/selectionSort 30000 , 19.671143 , 17.535217 , 0.042480 , 0.000000 ,  1.29263E+06, 2444, 50000000 
exe/selectionSort 30000 , 19.643372 , 17.551819 , 0.047729 , 0.000000 ,  1.27482E+06, 2444, 50000000 
exe/selectionSort 30000 , 19.534058 , 17.411560 , 0.039551 , 0.000000 ,  1.29052E+06, 2444, 50000000 
exe/selectionSort 30000 , 19.386475 , 17.335266 , 0.053650 , 0.000000 ,  1.28676E+06, 2444, 50000000 
exe/selectionSort 30000 , 19.366760 , 17.328552 , 0.035645 , 0.000000 ,  1.28617E+06, 2444, 50000000 
exe/selectionSort 30000 , 19.358276 , 17.277588 , 0.039307 , 0.000000 ,  1.291E+06, 2444, 50000000 
exe/selectionSort 30000 , 19.320068 , 17.253479 , 0.036926 , 0.000000 ,  1.29906E+06, 2444, 50000000 
exe/selectionSort 30000 , 19.127441 , 17.074890 , 0.036499 , 0.000000 ,  1.29629E+06, 2444, 50000000 
exe/selectionSort 20000 , 9.945862 , 8.511536 , 0.388611 , 0.000000 ,  605242, 2436, 50000000 
exe/selectionSort 20000 , 8.873535 , 7.909546 , 0.046814 , 0.000000 ,  569961, 2508, 50000000 
exe/selectionSort 20000 , 8.829529 , 7.868896 , 0.028076 , 0.000000 ,  572077, 2508, 50000000 
exe/selectionSort 20000 , 8.806702 , 7.832153 , 0.033447 , 0.000000 ,  575763, 2508, 50000000 
exe/selectionSort 20000 , 8.624512 , 7.682190 , 0.035339 , 0.000000 ,  566833, 2508, 50000000 
exe/selectionSort 20000 , 8.602722 , 7.668396 , 0.037964 , 0.000000 ,  567734, 2508, 50000000 
exe/selectionSort 20000 , 8.562866 , 7.628601 , 0.035461 , 0.000000 ,  568695, 2508, 50000000 
exe/selectionSort 20000 , 8.531921 , 7.591492 , 0.023315 , 0.000000 ,  571962, 2508, 50000000 
exe/selectionSort 20000 , 8.468323 , 7.553833 , 0.028015 , 0.000000 ,  573519, 2508, 50000000 
exe/selectionSort 20000 , 8.388123 , 7.471924 , 0.023743 , 0.000000 ,  571086, 2508, 50000000 
exe/selectionSort 10000 , 2.178528 , 1.904968 , 0.031616 , 0.000000 ,  137188, 2428, 50000000 
exe/selectionSort 10000 , 2.153992 , 1.892029 , 0.029968 , 0.000000 ,  136425, 2428, 50000000 
exe/selectionSort 10000 , 2.152405 , 1.900452 , 0.030212 , 0.000000 ,  137079, 2428, 50000000 
exe/selectionSort 10000 , 2.128357 , 1.862854 , 0.026611 , 0.000000 ,  137239, 2428, 50000000 
exe/selectionSort 10000 , 2.093567 , 1.853943 , 0.021484 , 0.000000 ,  142051, 2356, 50000000 
exe/selectionSort 10000 , 2.082336 , 1.810669 , 0.037964 , 0.000000 ,  138782, 2428, 50000000 
exe/selectionSort 10000 , 2.053528 , 1.795898 , 0.026428 , 0.000000 ,  137392, 2428, 50000000 
exe/selectionSort 10000 , 2.049683 , 1.801941 , 0.027161 , 0.000000 ,  136998, 2428, 50000000 
exe/selectionSort 10000 , 2.032288 , 1.789368 , 0.022705 , 0.000000 ,  140373, 2428, 50000000 
exe/selectionSort 10000 , 2.028625 , 1.783325 , 0.023071 , 0.000000 ,  140587, 2428, 50000000 
exe/radixSort.py 30000 , 71.331604 , 63.739319 , 0.745911 , 0.000000 ,  4.15526E+06, 2380, 50000000 
exe/radixSort.py 30000 , 65.479553 , 59.260925 , 0.058594 , 0.000000 ,  3.88145E+06, 2452, 50000000 
exe/radixSort.py 30000 , 64.614502 , 58.156189 , 0.062988 , 0.000000 ,  3.99796E+06, 2452, 50000000 
exe/radixSort.py 30000 , 64.227051 , 57.769714 , 0.062561 , 0.000000 ,  3.99931E+06, 2452, 50000000 
exe/radixSort.py 30000 , 62.866394 , 56.475342 , 0.068420 , 0.000000 ,  3.95442E+06, 2452, 50000000 
exe/radixSort.py 30000 , 62.694824 , 56.329895 , 0.082458 , 0.000000 ,  3.9259E+06, 2452, 50000000 
exe/radixSort.py 30000 , 62.359558 , 55.981140 , 0.078552 , 0.000000 ,  3.93257E+06, 2452, 50000000 
exe/radixSort.py 30000 , 61.641785 , 55.231384 , 0.075500 , 0.000000 ,  3.95214E+06, 2452, 50000000 
exe/radixSort.py 30000 , 59.056458 , 52.227356 , 0.060669 , 0.000000 ,  4.12883E+06, 2452, 50000000 
exe/radixSort.py 30000 , 59.051331 , 52.245056 , 0.069702 , 0.000000 ,  4.10513E+06, 2452, 50000000 
exe/radixSort.py 20000 , 74.096130 , 65.962585 , 1.129517 , 0.000000 ,  4.19139E+06, 2376, 50000000 
exe/radixSort.py 20000 , 65.955872 , 59.772644 , 0.059082 , 0.000000 ,  3.84363E+06, 2448, 50000000 
exe/radixSort.py 20000 , 65.813354 , 59.592529 , 0.075500 , 0.000000 ,  3.86074E+06, 2448, 50000000 
exe/radixSort.py 20000 , 65.653992 , 59.322388 , 0.071350 , 0.000000 ,  3.94815E+06, 2448, 50000000 
exe/radixSort.py 20000 , 64.532410 , 58.383911 , 0.059326 , 0.000000 ,  3.85126E+06, 2448, 50000000 
exe/radixSort.py 20000 , 63.792725 , 57.337158 , 0.065796 , 0.000000 ,  3.9992E+06, 2448, 50000000 
exe/radixSort.py 20000 , 62.558044 , 56.262268 , 0.068970 , 0.000000 ,  3.90632E+06, 2448, 50000000 
exe/radixSort.py 20000 , 62.324646 , 55.977661 , 0.070312 , 0.000000 ,  3.92748E+06, 2448, 50000000 
exe/radixSort.py 20000 , 62.301147 , 55.911743 , 0.065491 , 0.000000 ,  3.95744E+06, 2448, 50000000 
exe/radixSort.py 20000 , 58.625183 , 51.818665 , 0.064453 , 0.000000 ,  4.11008E+06, 2448, 50000000 
exe/radixSort.py 10000 , 71.305054 , 63.478088 , 1.050720 , 0.000000 ,  4.06359E+06, 2332, 50000000 
exe/radixSort.py 10000 , 66.264160 , 59.953125 , 0.089478 , 0.000000 ,  3.9024E+06, 2404, 50000000 
exe/radixSort.py 10000 , 65.619934 , 59.322815 , 0.061951 , 0.000000 ,  3.91364E+06, 2404, 50000000 
exe/radixSort.py 10000 , 64.989624 , 58.773438 , 0.083069 , 0.000000 ,  3.84418E+06, 2404, 50000000 
exe/radixSort.py 10000 , 63.659973 , 57.498413 , 0.071594 , 0.000000 ,  3.85412E+06, 2404, 50000000 
exe/radixSort.py 10000 , 62.639404 , 56.250916 , 0.078430 , 0.000000 ,  3.94494E+06, 2404, 50000000 
exe/radixSort.py 10000 , 62.395264 , 56.016724 , 0.084656 , 0.000000 ,  3.93261E+06, 2404, 50000000 
exe/radixSort.py 10000 , 61.848999 , 55.503784 , 0.069336 , 0.000000 ,  3.92959E+06, 2404, 50000000 
exe/radixSort.py 10000 , 57.325745 , 50.407959 , 0.069153 , 0.000000 ,  4.17126E+06, 2404, 50000000 
exe/radixSort.py 10000 , 56.882080 , 49.859802 , 0.066895 , 0.000000 ,  4.23858E+06, 2404, 50000000 
exe/radixSort 30000 , 0.077332 , 0.054077 , 0.005432 , 0.000000 ,  2471, 2412, 50000000 
exe/radixSort 30000 , 0.072327 , 0.058411 , 0.002502 , 0.000000 ,  2608, 2412, 50000000 
exe/radixSort 30000 , 0.045288 , 0.048401 , 0.000000 , 0.000000 ,  2345, 2412, 50000000 
exe/radixSort 30000 , 0.034363 , 0.019104 , 0.003296 , 0.000000 ,  5513, 2412, 50000000 
exe/radixSort 30000 , 0.031982 , 0.026611 , 0.000000 , 0.000000 ,  4293, 2340, 50000000 
exe/radixSort 30000 , 0.023682 , 0.015625 , 0.000000 , 0.000000 ,  4882, 2412, 50000000 
exe/radixSort 30000 , 0.023071 , 0.014404 , 0.000000 , 0.000000 ,  4732, 2412, 50000000 
exe/radixSort 30000 , 0.021667 , 0.014832 , 0.000000 , 0.000000 ,  5356, 2412, 50000000 
exe/radixSort 30000 , 0.020752 , 0.014587 , 0.001953 , 0.000000 ,  4819, 2412, 50000000 
exe/radixSort 30000 , 0.020386 , 0.013367 , 0.000000 , 0.000000 ,  5401, 2412, 50000000 
exe/radixSort 20000 , 0.046204 , 0.026550 , 0.007629 , 0.000000 ,  7039, 2444, 50000000 
exe/radixSort 20000 , 0.044128 , 0.023193 , 0.007996 , 0.000000 ,  7482, 2444, 50000000 
exe/radixSort 20000 , 0.043518 , 0.021484 , 0.005310 , 0.000000 ,  6875, 2444, 50000000 
exe/radixSort 20000 , 0.042664 , 0.021240 , 0.004761 , 0.000000 ,  6651, 2444, 50000000 
exe/radixSort 20000 , 0.032288 , 0.019409 , 0.001831 , 0.000000 ,  6720, 2444, 50000000 
exe/radixSort 20000 , 0.028687 , 0.016052 , 0.000000 , 0.000000 ,  6334, 2444, 50000000 
exe/radixSort 20000 , 0.025452 , 0.015076 , 0.001587 , 0.000000 ,  6324, 2444, 50000000 
exe/radixSort 20000 , 0.024536 , 0.014282 , 0.001526 , 0.000000 ,  6271, 2444, 50000000 
exe/radixSort 20000 , 0.023743 , 0.015320 , 0.000000 , 0.000000 ,  6964, 2372, 50000000 
exe/radixSort 20000 , 0.018555 , 0.016418 , 0.000000 , 0.000000 ,  3545, 2444, 50000000 
exe/radixSort 10000 , 0.052979 , 0.028931 , 0.009766 , 0.000000 ,  8514, 2408, 50000000 
exe/radixSort 10000 , 0.046692 , 0.025757 , 0.006165 , 0.000000 ,  4480, 2408, 50000000 
exe/radixSort 10000 , 0.042236 , 0.025452 , 0.006836 , 0.000000 ,  7437, 2408, 50000000 
exe/radixSort 10000 , 0.042114 , 0.021851 , 0.007446 , 0.000000 ,  7146, 2408, 50000000 
exe/radixSort 10000 , 0.038391 , 0.027283 , 0.002075 , 0.000000 ,  7336, 2408, 50000000 
exe/radixSort 10000 , 0.032898 , 0.020203 , 0.002258 , 0.000000 ,  7263, 2408, 50000000 
exe/radixSort 10000 , 0.031311 , 0.018188 , 0.001038 , 0.000000 ,  6459, 2408, 50000000 
exe/radixSort 10000 , 0.031128 , 0.017029 , 0.001343 , 0.000000 ,  6988, 2408, 50000000 
exe/radixSort 10000 , 0.024902 , 0.014160 , 0.002014 , 0.000000 ,  6275, 2408, 50000000 
exe/radixSort 10000 , 0.019226 , 0.017090 , 0.000000 , 0.000000 ,  3497, 2404, 50000000 
exe/insertionSort.py 30000 , 442.919556 , 399.301025 , 0.300842 , 0.000000 ,  2.74216E+07, 2476, 50000000 
exe/insertionSort.py 30000 , 440.648987 , 396.912720 , 0.294128 , 0.000000 ,  2.72736E+07, 2476, 50000000 
exe/insertionSort.py 30000 , 440.479004 , 396.911194 , 0.223572 , 0.000000 ,  2.73679E+07, 2476, 50000000 
exe/insertionSort.py 30000 , 436.409546 , 392.737244 , 0.274353 , 0.000000 ,  2.72553E+07, 2476, 50000000 
exe/insertionSort.py 30000 , 435.604370 , 392.035400 , 0.305298 , 0.000000 ,  2.71598E+07, 2476, 50000000 
exe/insertionSort.py 30000 , 435.257690 , 391.169861 , 0.946106 , 0.000000 ,  2.71907E+07, 2404, 50000000 
exe/insertionSort.py 30000 , 424.767639 , 380.557495 , 0.191956 , 0.000000 ,  2.75646E+07, 2476, 50000000 
exe/insertionSort.py 30000 , 400.737244 , 352.482788 , 0.287781 , 0.000000 ,  2.92707E+07, 2476, 50000000 
exe/insertionSort.py 30000 , 400.268066 , 351.904602 , 0.205627 , 0.000000 ,  2.94056E+07, 2476, 50000000 
exe/insertionSort.py 30000 , 397.919495 , 349.488342 , 0.232849 , 0.000000 ,  2.94399E+07, 2476, 50000000 
exe/insertionSort.py 20000 , 437.877808 , 394.386292 , 0.273865 , 0.000000 ,  2.71369E+07, 2420, 50000000 
exe/insertionSort.py 20000 , 436.058533 , 392.660339 , 0.240784 , 0.000000 ,  2.71066E+07, 2420, 50000000 
exe/insertionSort.py 20000 , 435.303528 , 391.921143 , 0.309387 , 0.000000 ,  2.70311E+07, 2420, 50000000 
exe/insertionSort.py 20000 , 433.144226 , 389.675415 , 0.236938 , 0.000000 ,  2.71332E+07, 2420, 50000000 
exe/insertionSort.py 20000 , 430.326538 , 387.012329 , 0.242920 , 0.000000 ,  2.71925E+07, 2420, 50000000 
exe/insertionSort.py 20000 , 429.953857 , 386.542114 , 0.288574 , 0.000000 ,  2.72777E+07, 2420, 50000000 
exe/insertionSort.py 20000 , 428.898865 , 385.560181 , 0.272522 , 0.000000 ,  2.71881E+07, 2420, 50000000 
exe/insertionSort.py 20000 , 428.016113 , 382.688904 , 0.958252 , 0.000000 ,  2.7632E+07, 2348, 50000000 
exe/insertionSort.py 20000 , 427.078430 , 383.711121 , 0.239990 , 0.000000 ,  2.71976E+07, 2420, 50000000 
exe/insertionSort.py 20000 , 424.461853 , 380.133057 , 0.274719 , 0.000000 ,  2.75555E+07, 2420, 50000000 
exe/insertionSort.py 10000 , 482.740295 , 434.229187 , 0.343567 , 0.000000 ,  3.02247E+07, 2476, 50000000 
exe/insertionSort.py 10000 , 441.679688 , 396.866333 , 1.238342 , 0.000000 ,  2.71846E+07, 2404, 50000000 
exe/insertionSort.py 10000 , 439.194214 , 395.707458 , 0.310913 , 0.000000 ,  2.71036E+07, 2476, 50000000 
exe/insertionSort.py 10000 , 434.928345 , 391.418396 , 0.299133 , 0.000000 ,  2.71353E+07, 2476, 50000000 
exe/insertionSort.py 10000 , 431.242188 , 387.731262 , 0.248901 , 0.000000 ,  2.71668E+07, 2476, 50000000 
exe/insertionSort.py 10000 , 429.949280 , 386.399719 , 0.243042 , 0.000000 ,  2.72677E+07, 2476, 50000000 
exe/insertionSort.py 10000 , 428.602417 , 385.357300 , 0.233582 , 0.000000 ,  2.72349E+07, 2476, 50000000 
exe/insertionSort.py 10000 , 423.435120 , 379.179871 , 0.282349 , 0.000000 ,  2.75024E+07, 2476, 50000000 
exe/insertionSort.py 10000 , 422.914551 , 378.498291 , 0.204102 , 0.000000 ,  2.76806E+07, 2476, 50000000 
exe/insertionSort.py 10000 , 404.790100 , 355.997070 , 0.205750 , 0.000000 ,  2.96555E+07, 2476, 50000000 
exe/insertionSort 30000 , 3.892517 , 3.378174 , 0.127869 , 0.000000 ,  207007, 2452, 50000000 
exe/insertionSort 30000 , 3.573120 , 3.108032 , 0.107117 , 0.000000 ,  203990, 2452, 50000000 
exe/insertionSort 30000 , 3.257446 , 2.927673 , 0.028503 , 0.000000 ,  188217, 2452, 50000000 
exe/insertionSort 30000 , 3.203613 , 2.875854 , 0.034485 , 0.000000 ,  192394, 2452, 50000000 
exe/insertionSort 30000 , 3.197510 , 2.872192 , 0.020569 , 0.000000 ,  186284, 2452, 50000000 
exe/insertionSort 30000 , 3.187561 , 2.850586 , 0.022888 , 0.000000 ,  191189, 2452, 50000000 
exe/insertionSort 30000 , 3.180359 , 2.848511 , 0.022705 , 0.000000 ,  191642, 2452, 50000000 
exe/insertionSort 30000 , 3.177856 , 2.849060 , 0.022156 , 0.000000 ,  186644, 2452, 50000000 
exe/insertionSort 30000 , 3.000122 , 2.656433 , 0.021179 , 0.000000 ,  194938, 2452, 50000000 
exe/insertionSort 30000 , 2.946716 , 2.528992 , 0.023254 , 0.000000 ,  239946, 2380, 50000000 
exe/insertionSort 20000 , 1.716614 , 1.458496 , 0.089722 , 0.000000 ,  92181, 2508, 50000000 
exe/insertionSort 20000 , 1.672913 , 1.441223 , 0.072571 , 0.000000 ,  91252, 2508, 50000000 
exe/insertionSort 20000 , 1.643066 , 1.388611 , 0.080688 , 0.000000 ,  96480, 2508, 50000000 
exe/insertionSort 20000 , 1.589661 , 1.399109 , 0.041199 , 0.000000 ,  94812, 2436, 50000000 
exe/insertionSort 20000 , 1.559937 , 1.394348 , 0.024536 , 0.000000 ,  85942, 2508, 50000000 
exe/insertionSort 20000 , 1.537659 , 1.241394 , 0.082703 , 0.000000 ,  118100, 2508, 50000000 
exe/insertionSort 20000 , 1.528809 , 1.229309 , 0.086243 , 0.000000 ,  117487, 2508, 50000000 
exe/insertionSort 20000 , 1.525085 , 1.235413 , 0.083313 , 0.000000 ,  114227, 2508, 50000000 
exe/insertionSort 20000 , 1.519531 , 1.352722 , 0.021118 , 0.000000 ,  84605, 2508, 50000000 
exe/insertionSort 20000 , 1.385681 , 1.228149 , 0.023438 , 0.000000 ,  90082, 2508, 50000000 
exe/insertionSort 10000 , 0.430847 , 0.374207 , 0.020874 , 0.000000 ,  24583, 2436, 50000000 
exe/insertionSort 10000 , 0.425598 , 0.359314 , 0.023193 , 0.000000 ,  24006, 2436, 50000000 
exe/insertionSort 10000 , 0.413086 , 0.357544 , 0.021362 , 0.000000 ,  24194, 2436, 50000000 
exe/insertionSort 10000 , 0.413025 , 0.352295 , 0.014954 , 0.000000 ,  23816, 2436, 50000000 
exe/insertionSort 10000 , 0.389648 , 0.315369 , 0.023560 , 0.000000 ,  26885, 2436, 50000000 
exe/insertionSort 10000 , 0.355469 , 0.263611 , 0.025024 , 0.000000 ,  29875, 2436, 50000000 
exe/insertionSort 10000 , 0.350708 , 0.220764 , 0.039734 , 0.000000 ,  52400, 2436, 50000000 
exe/insertionSort 10000 , 0.341187 , 0.297119 , 0.009460 , 0.000000 ,  28013, 2364, 50000000 
exe/insertionSort 10000 , 0.325439 , 0.240112 , 0.027954 , 0.000000 ,  34534, 2436, 50000000 
exe/insertionSort 10000 , 0.322998 , 0.245056 , 0.022095 , 0.000000 ,  32013, 2436, 50000000 
exe/bubbleSort.py 30000 , 990.528198 , 895.198853 , 0.563904 , 0.000000 ,  5.94063E+07, 2408, 50000000 
exe/bubbleSort.py 30000 , 980.522644 , 885.176636 , 0.522644 , 0.000000 ,  5.94838E+07, 2408, 50000000 
exe/bubbleSort.py 30000 , 972.150940 , 875.742554 , 0.540039 , 0.000000 ,  6.01468E+07, 2408, 50000000 
exe/bubbleSort.py 30000 , 960.452271 , 864.675415 , 0.546509 , 0.000000 ,  5.96922E+07, 2408, 50000000 
exe/bubbleSort.py 30000 , 957.849243 , 861.886963 , 0.553833 , 0.000000 ,  5.97558E+07, 2408, 50000000 
exe/bubbleSort.py 30000 , 953.830505 , 858.490479 , 0.510132 , 0.000000 ,  5.95969E+07, 2408, 50000000 
exe/bubbleSort.py 30000 , 946.620850 , 851.406982 , 0.499817 , 0.000000 ,  5.96661E+07, 2408, 50000000 
exe/bubbleSort.py 30000 , 944.813416 , 849.482666 , 0.503235 , 0.000000 ,  5.97535E+07, 2408, 50000000 
exe/bubbleSort.py 30000 , 1042.322388 , 940.632935 , 0.525696 , 0.000000 ,  6.35758E+07, 2408, 50000000 
exe/bubbleSort.py 30000 , 1022.860901 , 920.797791 , 0.992249 , 0.000000 ,  6.33428E+07, 2336, 50000000 
exe/bubbleSort.py 20000 , 967.701843 , 871.056213 , 1.077698 , 0.000000 ,  5.9843E+07, 2452, 50000000 
exe/bubbleSort.py 20000 , 964.786011 , 868.792603 , 0.534302 , 0.000000 ,  5.98891E+07, 2524, 50000000 
exe/bubbleSort.py 20000 , 962.146729 , 865.993164 , 0.561584 , 0.000000 ,  5.99676E+07, 2524, 50000000 
exe/bubbleSort.py 20000 , 939.048035 , 843.293152 , 0.513428 , 0.000000 ,  5.99654E+07, 2524, 50000000 
exe/bubbleSort.py 20000 , 934.058533 , 838.276001 , 0.511597 , 0.000000 ,  5.99661E+07, 2524, 50000000 
exe/bubbleSort.py 20000 , 932.389282 , 834.468262 , 0.463562 , 0.000000 ,  6.09535E+07, 2524, 50000000 
exe/bubbleSort.py 20000 , 927.138306 , 829.973877 , 0.491333 , 0.000000 ,  6.04449E+07, 2524, 50000000 
exe/bubbleSort.py 20000 , 924.951172 , 827.867615 , 0.484924 , 0.000000 ,  6.04468E+07, 2524, 50000000 
exe/bubbleSort.py 20000 , 924.583069 , 827.408325 , 0.484863 , 0.000000 ,  6.04936E+07, 2524, 50000000 
exe/bubbleSort.py 20000 , 869.720764 , 763.648926 , 0.494568 , 0.000000 ,  6.4431E+07, 2524, 50000000 
exe/bubbleSort.py 10000 , 979.792114 , 882.470520 , 0.563538 , 0.000000 ,  6.06973E+07, 2456, 50000000 
exe/bubbleSort.py 10000 , 964.414368 , 869.060364 , 0.556580 , 0.000000 ,  5.95002E+07, 2456, 50000000 
exe/bubbleSort.py 10000 , 955.059143 , 859.604187 , 0.508667 , 0.000000 ,  5.96465E+07, 2456, 50000000 
exe/bubbleSort.py 10000 , 948.853760 , 853.326050 , 0.493347 , 0.000000 ,  5.97574E+07, 2456, 50000000 
exe/bubbleSort.py 10000 , 943.766418 , 848.809326 , 0.488586 , 0.000000 ,  5.9715E+07, 2456, 50000000 
exe/bubbleSort.py 10000 , 940.174377 , 844.809021 , 0.520081 , 0.000000 ,  5.98006E+07, 2456, 50000000 
exe/bubbleSort.py 10000 , 882.510010 , 776.539917 , 0.527161 , 0.000000 ,  6.43247E+07, 2384, 50000000 
exe/bubbleSort.py 10000 , 873.904358 , 768.561157 , 0.470886 , 0.000000 ,  6.39599E+07, 2456, 50000000 
exe/bubbleSort.py 10000 , 870.676514 , 764.625305 , 0.478699 , 0.000000 ,  6.44511E+07, 2456, 50000000 
exe/bubbleSort.py 10000 , 870.642639 , 764.877625 , 0.498474 , 0.000000 ,  6.42289E+07, 2456, 50000000 
exe/bubbleSort 30000 , 20.045898 , 17.396118 , 0.638733 , 0.000000 ,  1.17358E+06, 2400, 50000000 
exe/bubbleSort 30000 , 17.702820 , 15.898010 , 0.047119 , 0.000000 ,  1.10243E+06, 2472, 50000000 
exe/bubbleSort 30000 , 17.641418 , 15.845886 , 0.037964 , 0.000000 ,  1.11353E+06, 2472, 50000000 
exe/bubbleSort 30000 , 17.591248 , 15.721130 , 0.043213 , 0.000000 ,  1.12002E+06, 2472, 50000000 
exe/bubbleSort 30000 , 17.557861 , 15.780334 , 0.039429 , 0.000000 ,  1.11272E+06, 2472, 50000000 
exe/bubbleSort 30000 , 17.529114 , 15.694702 , 0.043579 , 0.000000 ,  1.12628E+06, 2472, 50000000 
exe/bubbleSort 30000 , 17.508057 , 15.726624 , 0.042664 , 0.000000 ,  1.10631E+06, 2472, 50000000 
exe/bubbleSort 30000 , 17.498596 , 15.722900 , 0.040894 , 0.000000 ,  1.10546E+06, 2472, 50000000 
exe/bubbleSort 30000 , 17.476257 , 15.684875 , 0.039490 , 0.000000 ,  1.10703E+06, 2472, 50000000 
exe/bubbleSort 30000 , 17.450500 , 15.539307 , 0.040466 , 0.000000 ,  1.13571E+06, 2472, 50000000 
exe/bubbleSort 20000 , 8.820740 , 7.569519 , 0.341003 , 0.000000 ,  514886, 2364, 50000000 
exe/bubbleSort 20000 , 7.636230 , 6.846741 , 0.035828 , 0.000000 ,  475399, 2436, 50000000 
exe/bubbleSort 20000 , 7.580627 , 6.782898 , 0.032959 , 0.000000 ,  474442, 2436, 50000000 
exe/bubbleSort 20000 , 7.556580 , 6.783569 , 0.029663 , 0.000000 ,  466488, 2436, 50000000 
exe/bubbleSort 20000 , 7.555054 , 6.766296 , 0.034973 , 0.000000 ,  471967, 2436, 50000000 
exe/bubbleSort 20000 , 7.540222 , 6.758057 , 0.026062 , 0.000000 ,  482036, 2436, 50000000 
exe/bubbleSort 20000 , 7.514771 , 6.746033 , 0.025330 , 0.000000 ,  478942, 2436, 50000000 
exe/bubbleSort 20000 , 7.435974 , 6.657104 , 0.025085 , 0.000000 ,  475997, 2436, 50000000 
exe/bubbleSort 20000 , 7.431885 , 6.628601 , 0.019226 , 0.000000 ,  493968, 2436, 50000000 
exe/bubbleSort 20000 , 7.376648 , 6.563599 , 0.028992 , 0.000000 ,  488405, 2436, 50000000 
exe/bubbleSort 10000 , 1.887268 , 1.628967 , 0.046265 , 0.000000 ,  126475, 2412, 50000000 
exe/bubbleSort 10000 , 1.808960 , 1.582947 , 0.046204 , 0.000000 ,  111290, 2412, 50000000 
exe/bubbleSort 10000 , 1.787598 , 1.581055 , 0.031738 , 0.000000 ,  108465, 2412, 50000000 
exe/bubbleSort 10000 , 1.737488 , 1.537720 , 0.023376 , 0.000000 ,  111157, 2412, 50000000 
exe/bubbleSort 10000 , 1.736206 , 1.522461 , 0.027283 , 0.000000 ,  106488, 2412, 50000000 
exe/bubbleSort 10000 , 1.699280 , 1.496460 , 0.027161 , 0.000000 ,  108099, 2412, 50000000 
exe/bubbleSort 10000 , 1.638000 , 1.426208 , 0.027527 , 0.000000 ,  107696, 2412, 50000000 
exe/bubbleSort 10000 , 1.595642 , 1.349121 , 0.017822 , 0.000000 ,  136118, 2412, 50000000 
exe/bubbleSort 10000 , 1.585999 , 1.346558 , 0.028015 , 0.000000 ,  137234, 2340, 50000000 
exe/bubbleSort 10000 , 1.549805 , 1.311584 , 0.021240 , 0.000000 ,  137751, 2412, 50000000 
exe/selectionSort.py 30000 , 420.287048 , 378.680786 , 0.274231 , 0.000000 ,  2.58959E+07, 2532, 60000000 
exe/selectionSort.py 30000 , 416.182922 , 374.768066 , 0.292725 , 0.000000 ,  2.57697E+07, 2532, 60000000 
exe/selectionSort.py 30000 , 415.370667 , 374.731262 , 0.066345 , 0.000000 ,  2.54632E+07, 2532, 60000000 
exe/selectionSort.py 30000 , 411.848694 , 368.189819 , 0.291260 , 0.000000 ,  2.71203E+07, 2532, 60000000 
exe/selectionSort.py 30000 , 410.476318 , 368.200012 , 0.260803 , 0.000000 ,  2.62896E+07, 2460, 60000000 
exe/selectionSort.py 30000 , 409.682556 , 368.965210 , 0.252014 , 0.000000 ,  2.55027E+07, 2532, 60000000 
exe/selectionSort.py 30000 , 407.542114 , 366.889221 , 0.238647 , 0.000000 ,  2.54724E+07, 2532, 60000000 
exe/selectionSort.py 30000 , 406.719116 , 366.167053 , 0.247986 , 0.000000 ,  2.53981E+07, 2532, 60000000 
exe/selectionSort.py 30000 , 404.862061 , 363.735168 , 0.269897 , 0.000000 ,  2.56398E+07, 2532, 60000000 
exe/selectionSort.py 30000 , 401.555725 , 359.797302 , 0.235962 , 0.000000 ,  2.59855E+07, 2532, 60000000 
exe/selectionSort.py 20000 , 422.579041 , 381.401855 , 0.312378 , 0.000000 ,  2.56153E+07, 2436, 60000000 
exe/selectionSort.py 20000 , 418.887024 , 377.716675 , 0.261292 , 0.000000 ,  2.56466E+07, 2436, 60000000 
exe/selectionSort.py 20000 , 410.932068 , 370.490906 , 0.282349 , 0.000000 ,  2.54325E+07, 2436, 60000000 
exe/selectionSort.py 20000 , 403.336304 , 361.838196 , 0.261292 , 0.000000 ,  2.58011E+07, 2364, 60000000 
exe/selectionSort.py 20000 , 398.235901 , 356.896729 , 0.135620 , 0.000000 ,  2.57997E+07, 2436, 60000000 
exe/selectionSort.py 20000 , 380.467102 , 335.260803 , 0.223450 , 0.000000 ,  2.74492E+07, 2436, 60000000 
exe/selectionSort.py 20000 , 378.109680 , 332.779602 , 0.263550 , 0.000000 ,  2.74746E+07, 2436, 60000000 
exe/selectionSort.py 20000 , 377.939087 , 332.771301 , 0.214233 , 0.000000 ,  2.74261E+07, 2436, 60000000 
exe/selectionSort.py 20000 , 377.908142 , 332.865295 , 0.255371 , 0.000000 ,  2.73192E+07, 2436, 60000000 
exe/selectionSort.py 20000 , 377.019958 , 331.627441 , 0.252380 , 0.000000 ,  2.75601E+07, 2436, 60000000 
exe/selectionSort.py 10000 , 410.642944 , 369.987488 , 0.282715 , 0.000000 ,  2.54496E+07, 2536, 60000000 
exe/selectionSort.py 10000 , 409.432007 , 368.842346 , 0.265686 , 0.000000 ,  2.54582E+07, 2464, 60000000 
exe/selectionSort.py 10000 , 408.646423 , 365.753784 , 0.253479 , 0.000000 ,  2.66877E+07, 2536, 60000000 
exe/selectionSort.py 10000 , 407.717346 , 366.993774 , 0.273682 , 0.000000 ,  2.54508E+07, 2536, 60000000 
exe/selectionSort.py 10000 , 407.448608 , 366.888611 , 0.242004 , 0.000000 ,  2.54221E+07, 2536, 60000000 
exe/selectionSort.py 10000 , 407.245972 , 366.908630 , 0.256287 , 0.000000 ,  2.53359E+07, 2536, 60000000 
exe/selectionSort.py 10000 , 406.976379 , 366.536865 , 0.244751 , 0.000000 ,  2.53615E+07, 2536, 60000000 
exe/selectionSort.py 10000 , 386.028625 , 340.883484 , 0.258667 , 0.000000 ,  2.75206E+07, 2536, 60000000 
exe/selectionSort.py 10000 , 377.364807 , 331.672180 , 0.226990 , 0.000000 ,  2.77583E+07, 2536, 60000000 
exe/selectionSort.py 10000 , 375.590515 , 329.885925 , 0.277649 , 0.000000 ,  2.77251E+07, 2536, 60000000 
exe/selectionSort 30000 , 19.808960 , 17.622375 , 0.051270 , 0.000000 ,  1.29347E+06, 2408, 60000000 
exe/selectionSort 30000 , 19.608154 , 17.454224 , 0.032837 , 0.000000 ,  1.31282E+06, 2408, 60000000 
exe/selectionSort 30000 , 19.604309 , 17.505127 , 0.045715 , 0.000000 ,  1.29182E+06, 2408, 60000000 
exe/selectionSort 30000 , 19.559265 , 17.468628 , 0.051086 , 0.000000 ,  1.2771E+06, 2408, 60000000 
exe/selectionSort 30000 , 19.530273 , 17.460571 , 0.045105 , 0.000000 ,  1.28745E+06, 2408, 60000000 
exe/selectionSort 30000 , 19.484192 , 17.434204 , 0.038025 , 0.000000 ,  1.28072E+06, 2408, 60000000 
exe/selectionSort 30000 , 19.444092 , 17.311584 , 0.046509 , 0.000000 ,  1.28368E+06, 2408, 60000000 
exe/selectionSort 30000 , 19.410583 , 17.348816 , 0.041565 , 0.000000 ,  1.28083E+06, 2408, 60000000 
exe/selectionSort 30000 , 19.366028 , 17.296875 , 0.031189 , 0.000000 ,  1.28841E+06, 2408, 60000000 
exe/selectionSort 30000 , 19.358948 , 17.287537 , 0.033691 , 0.000000 ,  1.28989E+06, 2336, 60000000 
exe/selectionSort 20000 , 8.721191 , 7.779236 , 0.036072 , 0.000000 ,  567315, 2416, 60000000 
exe/selectionSort 20000 , 8.699829 , 7.754333 , 0.027039 , 0.000000 ,  577191, 2344, 60000000 
exe/selectionSort 20000 , 8.623474 , 7.675171 , 0.034058 , 0.000000 ,  573120, 2416, 60000000 
exe/selectionSort 20000 , 8.617676 , 7.658752 , 0.025085 , 0.000000 ,  595377, 2416, 60000000 
exe/selectionSort 20000 , 8.588989 , 7.672302 , 0.026978 , 0.000000 ,  574946, 2416, 60000000 
exe/selectionSort 20000 , 8.564148 , 7.618286 , 0.025024 , 0.000000 ,  583252, 2416, 60000000 
exe/selectionSort 20000 , 8.538147 , 7.621460 , 0.029175 , 0.000000 ,  569224, 2416, 60000000 
exe/selectionSort 20000 , 8.534668 , 7.579590 , 0.029236 , 0.000000 ,  586117, 2416, 60000000 
exe/selectionSort 20000 , 8.526306 , 7.594604 , 0.031128 , 0.000000 ,  571178, 2416, 60000000 
exe/selectionSort 20000 , 8.470642 , 7.558044 , 0.030762 , 0.000000 ,  567824, 2416, 60000000 
exe/selectionSort 10000 , 2.172424 , 1.931091 , 0.023376 , 0.000000 ,  138310, 2428, 60000000 
exe/selectionSort 10000 , 2.128784 , 1.878845 , 0.036011 , 0.000000 ,  136727, 2428, 60000000 
exe/selectionSort 10000 , 2.097961 , 1.844116 , 0.025024 , 0.000000 ,  135859, 2428, 60000000 
exe/selectionSort 10000 , 2.095459 , 1.834229 , 0.034485 , 0.000000 ,  137746, 2428, 60000000 
exe/selectionSort 10000 , 2.081360 , 1.838745 , 0.017639 , 0.000000 ,  135459, 2428, 60000000 
exe/selectionSort 10000 , 2.065796 , 1.827759 , 0.026245 , 0.000000 ,  137469, 2428, 60000000 
exe/selectionSort 10000 , 2.060791 , 1.811646 , 0.023132 , 0.000000 ,  142687, 2356, 60000000 
exe/selectionSort 10000 , 2.023804 , 1.781067 , 0.021790 , 0.000000 ,  141820, 2428, 60000000 
exe/selectionSort 10000 , 1.996094 , 1.742554 , 0.018494 , 0.000000 ,  152830, 2428, 60000000 
exe/selectionSort 10000 , 1.929810 , 1.683228 , 0.021606 , 0.000000 ,  145970, 2428, 60000000 
exe/radixSort.py 30000 , 67.261108 , 60.927673 , 0.078552 , 0.000000 ,  3.9335E+06, 2420, 60000000 
exe/radixSort.py 30000 , 65.358215 , 59.205505 , 0.053894 , 0.000000 ,  3.87058E+06, 2348, 60000000 
exe/radixSort.py 30000 , 64.264404 , 57.805176 , 0.068970 , 0.000000 ,  3.99859E+06, 2420, 60000000 
exe/radixSort.py 30000 , 63.840027 , 57.431763 , 0.055054 , 0.000000 ,  3.97634E+06, 2420, 60000000 
exe/radixSort.py 30000 , 63.600952 , 57.232239 , 0.058044 , 0.000000 ,  3.95052E+06, 2420, 60000000 
exe/radixSort.py 30000 , 63.325562 , 56.961914 , 0.062622 , 0.000000 ,  3.93763E+06, 2420, 60000000 
exe/radixSort.py 30000 , 63.010254 , 56.633179 , 0.078979 , 0.000000 ,  3.94179E+06, 2420, 60000000 
exe/radixSort.py 30000 , 59.124634 , 52.381287 , 0.072021 , 0.000000 ,  4.07204E+06, 2420, 60000000 
exe/radixSort.py 30000 , 58.721680 , 51.950928 , 0.073120 , 0.000000 ,  4.08608E+06, 2420, 60000000 
exe/radixSort.py 30000 , 58.627686 , 51.899719 , 0.062927 , 0.000000 ,  4.06518E+06, 2420, 60000000 
exe/radixSort.py 20000 , 65.173340 , 58.947144 , 0.068054 , 0.000000 ,  3.8683E+06, 2444, 60000000 
exe/radixSort.py 20000 , 62.733643 , 56.355469 , 0.076416 , 0.000000 ,  3.94123E+06, 2444, 60000000 
exe/radixSort.py 20000 , 62.489380 , 56.118225 , 0.069336 , 0.000000 ,  3.93978E+06, 2444, 60000000 
exe/radixSort.py 20000 , 62.467102 , 56.080566 , 0.079712 , 0.000000 ,  3.94255E+06, 2444, 60000000 
exe/radixSort.py 20000 , 61.612305 , 55.194153 , 0.058960 , 0.000000 ,  3.96657E+06, 2444, 60000000 
exe/radixSort.py 20000 , 60.921448 , 54.525024 , 0.058838 , 0.000000 ,  3.95788E+06, 2444, 60000000 
exe/radixSort.py 20000 , 59.040039 , 52.171692 , 0.069702 , 0.000000 ,  4.14094E+06, 2444, 60000000 
exe/radixSort.py 20000 , 58.536499 , 51.749451 , 0.063599 , 0.000000 ,  4.10154E+06, 2444, 60000000 
exe/radixSort.py 20000 , 58.022278 , 51.259827 , 0.054321 , 0.000000 ,  4.08187E+06, 2444, 60000000 
exe/radixSort.py 20000 , 57.854065 , 51.045715 , 0.048767 , 0.000000 ,  4.11429E+06, 2372, 60000000 
exe/radixSort.py 10000 , 65.999268 , 59.776611 , 0.076477 , 0.000000 ,  3.86176E+06, 2408, 60000000 
exe/radixSort.py 10000 , 65.519653 , 59.293640 , 0.065247 , 0.000000 ,  3.89391E+06, 2408, 60000000 
exe/radixSort.py 10000 , 65.179321 , 58.608765 , 0.066101 , 0.000000 ,  4.07706E+06, 2408, 60000000 
exe/radixSort.py 10000 , 64.567078 , 58.451355 , 0.060364 , 0.000000 ,  3.83855E+06, 2408, 60000000 
exe/radixSort.py 10000 , 64.564331 , 58.427307 , 0.064880 , 0.000000 ,  3.83914E+06, 2408, 60000000 
exe/radixSort.py 10000 , 64.450378 , 58.258606 , 0.051514 , 0.000000 ,  3.86864E+06, 2336, 60000000 
exe/radixSort.py 10000 , 64.320435 , 58.207092 , 0.060730 , 0.000000 ,  3.83036E+06, 2408, 60000000 
exe/radixSort.py 10000 , 63.361450 , 56.980286 , 0.061035 , 0.000000 ,  3.94916E+06, 2408, 60000000 
exe/radixSort.py 10000 , 62.862793 , 56.501404 , 0.066772 , 0.000000 ,  3.9386E+06, 2408, 60000000 
exe/radixSort.py 10000 , 58.624573 , 51.776123 , 0.071777 , 0.000000 ,  4.13273E+06, 2408, 60000000 
exe/radixSort 30000 , 0.033447 , 0.016968 , 0.002930 , 0.000000 ,  6520, 2432, 60000000 
exe/radixSort 30000 , 0.031738 , 0.018921 , 0.000427 , 0.000000 ,  6460, 2432, 60000000 
exe/radixSort 30000 , 0.030029 , 0.016785 , 0.000549 , 0.000000 ,  6306, 2432, 60000000 
exe/radixSort 30000 , 0.026672 , 0.014526 , 0.000000 , 0.000000 ,  6265, 2428, 60000000 
exe/radixSort 30000 , 0.025269 , 0.016418 , 0.000000 , 0.000000 ,  6284, 2432, 60000000 
exe/radixSort 30000 , 0.023743 , 0.015198 , 0.000000 , 0.000000 ,  6354, 2432, 60000000 
exe/radixSort 30000 , 0.023193 , 0.014771 , 0.000000 , 0.000000 ,  6451, 2432, 60000000 
exe/radixSort 30000 , 0.022827 , 0.015198 , 0.000000 , 0.000000 ,  6779, 2432, 60000000 
exe/radixSort 30000 , 0.022766 , 0.013916 , 0.000000 , 0.000000 ,  6336, 2432, 60000000 
exe/radixSort 30000 , 0.022217 , 0.014099 , 0.000000 , 0.000000 ,  6655, 2432, 60000000 
exe/radixSort 20000 , 0.060608 , 0.055176 , 0.000000 , 0.000000 ,  2730, 2508, 60000000 
exe/radixSort 20000 , 0.054932 , 0.040222 , 0.001465 , 0.000000 ,  2360, 2508, 60000000 
exe/radixSort 20000 , 0.045654 , 0.025269 , 0.006592 , 0.000000 ,  5741, 2508, 60000000 
exe/radixSort 20000 , 0.041138 , 0.043945 , 0.000122 , 0.000000 ,  2280, 2508, 60000000 
exe/radixSort 20000 , 0.039856 , 0.034180 , 0.000000 , 0.000000 ,  3876, 2508, 60000000 
exe/radixSort 20000 , 0.037537 , 0.026306 , 0.000000 , 0.000000 ,  5684, 2436, 60000000 
exe/radixSort 20000 , 0.034485 , 0.021545 , 0.003357 , 0.000000 ,  3575, 2508, 60000000 
exe/radixSort 20000 , 0.031250 , 0.016357 , 0.001099 , 0.000000 ,  5312, 2508, 60000000 
exe/radixSort 20000 , 0.030823 , 0.028381 , 0.000977 , 0.000000 ,  2272, 2508, 60000000 
exe/radixSort 20000 , 0.021606 , 0.014343 , 0.000000 , 0.000000 ,  5324, 2508, 60000000 
exe/radixSort 10000 , 0.028931 , 0.015625 , 0.000000 , 0.000000 ,  6021, 2476, 60000000 
exe/radixSort 10000 , 0.027771 , 0.015381 , 0.000000 , 0.000000 ,  6382, 2476, 60000000 
exe/radixSort 10000 , 0.027649 , 0.014526 , 0.000000 , 0.000000 ,  6217, 2476, 60000000 
exe/radixSort 10000 , 0.026123 , 0.015015 , 0.002136 , 0.000000 ,  6376, 2476, 60000000 
exe/radixSort 10000 , 0.024963 , 0.015930 , 0.000000 , 0.000000 ,  6067, 2476, 60000000 
exe/radixSort 10000 , 0.024414 , 0.015991 , 0.000000 , 0.000000 ,  5989, 2476, 60000000 
exe/radixSort 10000 , 0.023682 , 0.016724 , 0.000000 , 0.000000 ,  3922, 2476, 60000000 
exe/radixSort 10000 , 0.023438 , 0.014526 , 0.000000 , 0.000000 ,  6268, 2476, 60000000 
exe/radixSort 10000 , 0.022400 , 0.015442 , 0.000000 , 0.000000 ,  6465, 2404, 60000000 
exe/radixSort 10000 , 0.021851 , 0.015625 , 0.001221 , 0.000000 ,  4478, 2476, 60000000 
exe/insertionSort.py 30000 , 445.961670 , 403.345947 , 0.220459 , 0.000000 ,  2.68337E+07, 2516, 60000000 
exe/insertionSort.py 30000 , 432.097778 , 387.891785 , 0.308044 , 0.000000 ,  2.75355E+07, 2516, 60000000 
exe/insertionSort.py 30000 , 431.552185 , 388.127014 , 0.285461 , 0.000000 ,  2.72493E+07, 2444, 60000000 
exe/insertionSort.py 30000 , 423.539673 , 379.115723 , 0.283142 , 0.000000 ,  2.75908E+07, 2516, 60000000 
exe/insertionSort.py 30000 , 398.518372 , 350.807129 , 0.269470 , 0.000000 ,  2.8928E+07, 2516, 60000000 
exe/insertionSort.py 30000 , 397.286194 , 349.120667 , 0.293213 , 0.000000 ,  2.92478E+07, 2516, 60000000 
exe/insertionSort.py 30000 , 396.285461 , 348.279907 , 0.232910 , 0.000000 ,  2.91662E+07, 2516, 60000000 
exe/insertionSort.py 30000 , 395.746704 , 347.846497 , 0.220154 , 0.000000 ,  2.91452E+07, 2516, 60000000 
exe/insertionSort.py 30000 , 395.311951 , 347.050476 , 0.190063 , 0.000000 ,  2.93698E+07, 2516, 60000000 
exe/insertionSort.py 30000 , 395.172791 , 347.129333 , 0.226135 , 0.000000 ,  2.92111E+07, 2516, 60000000 
exe/insertionSort.py 20000 , 437.265381 , 393.835876 , 0.325439 , 0.000000 ,  2.70459E+07, 2352, 60000000 
exe/insertionSort.py 20000 , 436.040405 , 392.683960 , 0.224609 , 0.000000 ,  2.70806E+07, 2424, 60000000 
exe/insertionSort.py 20000 , 433.597656 , 390.072144 , 0.313416 , 0.000000 ,  2.71202E+07, 2424, 60000000 
exe/insertionSort.py 20000 , 432.980652 , 389.865662 , 0.275818 , 0.000000 ,  2.70438E+07, 2424, 60000000 
exe/insertionSort.py 20000 , 432.366455 , 389.013367 , 0.252625 , 0.000000 ,  2.72892E+07, 2424, 60000000 
exe/insertionSort.py 20000 , 428.652954 , 385.682312 , 0.245728 , 0.000000 ,  2.69916E+07, 2424, 60000000 
exe/insertionSort.py 20000 , 426.087952 , 381.588562 , 0.237000 , 0.000000 ,  2.76895E+07, 2424, 60000000 
exe/insertionSort.py 20000 , 422.462463 , 378.336792 , 0.257874 , 0.000000 ,  2.74368E+07, 2424, 60000000 
exe/insertionSort.py 20000 , 396.382019 , 348.240845 , 0.291626 , 0.000000 ,  2.92229E+07, 2424, 60000000 
exe/insertionSort.py 20000 , 395.366882 , 347.825012 , 0.194275 , 0.000000 ,  2.88989E+07, 2424, 60000000 
exe/insertionSort.py 10000 , 436.851501 , 393.038513 , 0.251099 , 0.000000 ,  2.73563E+07, 2472, 60000000 
exe/insertionSort.py 10000 , 436.597534 , 392.901245 , 0.296265 , 0.000000 ,  2.74447E+07, 2472, 60000000 
exe/insertionSort.py 10000 , 435.801208 , 392.251709 , 0.251953 , 0.000000 ,  2.71982E+07, 2472, 60000000 
exe/insertionSort.py 10000 , 431.687073 , 388.167603 , 0.251587 , 0.000000 ,  2.71689E+07, 2472, 60000000 
exe/insertionSort.py 10000 , 424.114441 , 379.897095 , 0.197388 , 0.000000 ,  2.75538E+07, 2472, 60000000 
exe/insertionSort.py 10000 , 423.432495 , 379.241943 , 0.287720 , 0.000000 ,  2.74395E+07, 2400, 60000000 
exe/insertionSort.py 10000 , 422.068481 , 377.868347 , 0.210388 , 0.000000 ,  2.75438E+07, 2472, 60000000 
exe/insertionSort.py 10000 , 396.315002 , 347.945312 , 0.286438 , 0.000000 ,  2.93655E+07, 2472, 60000000 
exe/insertionSort.py 10000 , 394.039795 , 345.709656 , 0.295105 , 0.000000 ,  2.93388E+07, 2472, 60000000 
exe/insertionSort.py 10000 , 393.221863 , 344.913025 , 0.270508 , 0.000000 ,  2.93346E+07, 2472, 60000000 
exe/insertionSort 30000 , 3.450745 , 3.116333 , 0.020508 , 0.000000 ,  191741, 2528, 60000000 
exe/insertionSort 30000 , 3.292969 , 2.967773 , 0.020447 , 0.000000 ,  188699, 2528, 60000000 
exe/insertionSort 30000 , 3.226562 , 2.902893 , 0.015930 , 0.000000 ,  192900, 2528, 60000000 
exe/insertionSort 30000 , 3.220581 , 2.892456 , 0.022949 , 0.000000 ,  192289, 2528, 60000000 
exe/insertionSort 30000 , 3.209473 , 2.873962 , 0.031067 , 0.000000 ,  189954, 2528, 60000000 
exe/insertionSort 30000 , 3.207031 , 2.893799 , 0.021912 , 0.000000 ,  186581, 2528, 60000000 
exe/insertionSort 30000 , 3.199951 , 2.868286 , 0.031128 , 0.000000 ,  192844, 2524, 60000000 
exe/insertionSort 30000 , 3.198669 , 2.873352 , 0.023438 , 0.000000 ,  186675, 2528, 60000000 
exe/insertionSort 30000 , 3.173706 , 2.866638 , 0.022339 , 0.000000 ,  186645, 2528, 60000000 
exe/insertionSort 30000 , 3.063782 , 2.754333 , 0.015930 , 0.000000 ,  193002, 2528, 60000000 
exe/insertionSort 20000 , 1.847778 , 1.678284 , 0.025208 , 0.000000 ,  91294, 2520, 60000000 
exe/insertionSort 20000 , 1.503113 , 1.322083 , 0.033386 , 0.000000 ,  86807, 2520, 60000000 
exe/insertionSort 20000 , 1.502625 , 1.338928 , 0.023376 , 0.000000 ,  86060, 2520, 60000000 
exe/insertionSort 20000 , 1.493408 , 1.326782 , 0.021912 , 0.000000 ,  84581, 2520, 60000000 
exe/insertionSort 20000 , 1.479248 , 1.312805 , 0.032288 , 0.000000 ,  88703, 2520, 60000000 
exe/insertionSort 20000 , 1.466736 , 1.298462 , 0.021912 , 0.000000 ,  85615, 2520, 60000000 
exe/insertionSort 20000 , 1.466492 , 1.296692 , 0.023682 , 0.000000 ,  85775, 2520, 60000000 
exe/insertionSort 20000 , 1.430969 , 1.274170 , 0.022949 , 0.000000 ,  91071, 2448, 60000000 
exe/insertionSort 20000 , 1.362854 , 1.167297 , 0.021729 , 0.000000 ,  106122, 2520, 60000000 
exe/insertionSort 20000 , 1.247742 , 1.073608 , 0.016052 , 0.000000 ,  105420, 2520, 60000000 
exe/insertionSort 10000 , 0.592651 , 0.536621 , 0.010864 , 0.000000 ,  23903, 2472, 60000000 
exe/insertionSort 10000 , 0.553223 , 0.496887 , 0.008362 , 0.000000 ,  28461, 2400, 60000000 
exe/insertionSort 10000 , 0.352478 , 0.308228 , 0.006287 , 0.000000 ,  22834, 2472, 60000000 
exe/insertionSort 10000 , 0.287598 , 0.210388 , 0.013306 , 0.000000 ,  37186, 2472, 60000000 
exe/insertionSort 10000 , 0.283264 , 0.218689 , 0.011414 , 0.000000 ,  32771, 2472, 60000000 
exe/insertionSort 10000 , 0.279419 , 0.214417 , 0.014282 , 0.000000 ,  36481, 2472, 60000000 
exe/insertionSort 10000 , 0.277588 , 0.199585 , 0.015869 , 0.000000 ,  39164, 2472, 60000000 
exe/insertionSort 10000 , 0.277161 , 0.201843 , 0.013733 , 0.000000 ,  37948, 2472, 60000000 
exe/insertionSort 10000 , 0.275757 , 0.213074 , 0.016235 , 0.000000 ,  36301, 2472, 60000000 
exe/insertionSort 10000 , 0.262268 , 0.186035 , 0.012390 , 0.000000 ,  39620, 2472, 60000000 
exe/bubbleSort.py 30000 , 990.769348 , 887.474792 , 0.474121 , 0.000000 ,  6.43458E+07, 2412, 60000000 
exe/bubbleSort.py 30000 , 965.218689 , 869.817261 , 0.359253 , 0.000000 ,  5.96457E+07, 2408, 60000000 
exe/bubbleSort.py 30000 , 962.261536 , 865.743469 , 0.549866 , 0.000000 ,  6.02329E+07, 2412, 60000000 
exe/bubbleSort.py 30000 , 959.244385 , 863.666748 , 0.525024 , 0.000000 ,  5.96561E+07, 2412, 60000000 
exe/bubbleSort.py 30000 , 954.707764 , 859.416016 , 0.508240 , 0.000000 ,  5.99976E+07, 2412, 60000000 
exe/bubbleSort.py 30000 , 938.353027 , 840.993103 , 0.489746 , 0.000000 ,  6.06108E+07, 2412, 60000000 
exe/bubbleSort.py 30000 , 927.922607 , 830.768005 , 0.465149 , 0.000000 ,  6.04838E+07, 2412, 60000000 
exe/bubbleSort.py 30000 , 924.688110 , 812.973328 , 0.510010 , 0.000000 ,  6.78642E+07, 2412, 60000000 
exe/bubbleSort.py 30000 , 873.242920 , 767.603577 , 0.477112 , 0.000000 ,  6.41863E+07, 2412, 60000000 
exe/bubbleSort.py 30000 , 868.813354 , 763.682922 , 0.500610 , 0.000000 ,  6.38882E+07, 2412, 60000000 
exe/bubbleSort.py 20000 , 966.031616 , 870.380798 , 0.531372 , 0.000000 ,  5.96059E+07, 2536, 60000000 
exe/bubbleSort.py 20000 , 965.774658 , 869.768066 , 0.539124 , 0.000000 ,  5.98709E+07, 2536, 60000000 
exe/bubbleSort.py 20000 , 954.860168 , 860.042358 , 0.493835 , 0.000000 ,  5.96889E+07, 2536, 60000000 
exe/bubbleSort.py 20000 , 952.784790 , 857.627686 , 0.501648 , 0.000000 ,  5.96736E+07, 2536, 60000000 
exe/bubbleSort.py 20000 , 951.466797 , -261288.573853 , 0.510620 , 0.000000 ,  6.01889E+07, 2536, 60000000 
exe/bubbleSort.py 20000 , 945.294556 , 850.301697 , 0.511597 , 0.000000 ,  5.95314E+07, 2536, 60000000 
exe/bubbleSort.py 20000 , 941.542480 , 843.091797 , 0.476624 , 0.000000 ,  6.12953E+07, 2536, 60000000 
exe/bubbleSort.py 20000 , 873.228638 , 767.065857 , 0.446655 , 0.000000 ,  6.45236E+07, 2536, 60000000 
exe/bubbleSort.py 20000 , 869.908691 , 764.171631 , 0.454956 , 0.000000 ,  6.42724E+07, 2464, 60000000 
exe/bubbleSort.py 20000 , 1001.778320 , 897.465881 , 0.486145 , 0.000000 ,  6.50381E+07, 2536, 60000000 
exe/bubbleSort.py 10000 , 992.040894 , 888.871582 , 0.487366 , 0.000000 ,  6.42652E+07, 2508, 60000000 
exe/bubbleSort.py 10000 , 970.131775 , 869.891052 , 2.395813 , 0.000000 ,  6.07331E+07, 2436, 60000000 
exe/bubbleSort.py 10000 , 957.281006 , 861.679565 , 0.515015 , 0.000000 ,  5.99391E+07, 2508, 60000000 
exe/bubbleSort.py 10000 , 952.299438 , 856.914001 , 0.482666 , 0.000000 ,  5.96834E+07, 2508, 60000000 
exe/bubbleSort.py 10000 , 935.591309 , 838.861328 , 0.483948 , 0.000000 ,  6.03397E+07, 2508, 60000000 
exe/bubbleSort.py 10000 , 933.000061 , 836.005371 , 0.472046 , 0.000000 ,  6.05294E+07, 2508, 60000000 
exe/bubbleSort.py 10000 , 929.116089 , 832.349792 , 0.269836 , 0.000000 ,  6.0384E+07, 2508, 60000000 
exe/bubbleSort.py 10000 , 884.158875 , 776.857422 , 0.465576 , 0.000000 ,  6.52232E+07, 2508, 60000000 
exe/bubbleSort.py 10000 , 882.120056 , 774.809387 , 0.477478 , 0.000000 ,  6.51816E+07, 2508, 60000000 
exe/bubbleSort.py 10000 , 875.855225 , 768.893616 , 0.492615 , 0.000000 ,  6.4985E+07, 2508, 60000000 
exe/bubbleSort 30000 , 17.816406 , 16.016846 , 0.034973 , 0.000000 ,  1.10713E+06, 2476, 60000000 
exe/bubbleSort 30000 , 17.733215 , 15.865967 , 0.044800 , 0.000000 ,  1.12684E+06, 2476, 60000000 
exe/bubbleSort 30000 , 17.693970 , 15.891907 , 0.044250 , 0.000000 ,  1.11237E+06, 2472, 60000000 
exe/bubbleSort 30000 , 17.682312 , 15.848145 , 0.032715 , 0.000000 ,  1.12914E+06, 2476, 60000000 
exe/bubbleSort 30000 , 17.637329 , 15.831909 , 0.046448 , 0.000000 ,  1.10815E+06, 2476, 60000000 
exe/bubbleSort 30000 , 17.593140 , 15.793457 , 0.043884 , 0.000000 ,  1.11063E+06, 2476, 60000000 
exe/bubbleSort 30000 , 17.576233 , 15.775818 , 0.040649 , 0.000000 ,  1.10822E+06, 2476, 60000000 
exe/bubbleSort 30000 , 17.553528 , 15.760193 , 0.039001 , 0.000000 ,  1.10827E+06, 2476, 60000000 
exe/bubbleSort 30000 , 17.519165 , 15.727112 , 0.034973 , 0.000000 ,  1.10829E+06, 2476, 60000000 
exe/bubbleSort 30000 , 17.492126 , 15.673584 , 0.040588 , 0.000000 ,  1.11638E+06, 2476, 60000000 
exe/bubbleSort 20000 , 7.635132 , 6.815125 , 0.023743 , 0.000000 ,  484044, 2456, 60000000 
exe/bubbleSort 20000 , 7.601074 , 6.813477 , 0.036743 , 0.000000 ,  473246, 2456, 60000000 
exe/bubbleSort 20000 , 7.522339 , 6.737183 , 0.031982 , 0.000000 ,  475602, 2456, 60000000 
exe/bubbleSort 20000 , 7.511780 , 6.725525 , 0.027100 , 0.000000 ,  470146, 2456, 60000000 
exe/bubbleSort 20000 , 7.496582 , 6.727356 , 0.026489 , 0.000000 ,  475627, 2456, 60000000 
exe/bubbleSort 20000 , 7.474487 , 6.694092 , 0.029480 , 0.000000 ,  469904, 2456, 60000000 
exe/bubbleSort 20000 , 7.463501 , 6.696289 , 0.022583 , 0.000000 ,  470522, 2452, 60000000 
exe/bubbleSort 20000 , 7.442810 , 6.669861 , 0.021667 , 0.000000 ,  478231, 2456, 60000000 
exe/bubbleSort 20000 , 7.437134 , 6.578247 , 0.031860 , 0.000000 ,  501863, 2456, 60000000 
exe/bubbleSort 20000 , 7.320618 , 6.567078 , 0.015259 , 0.000000 ,  477505, 2456, 60000000 
exe/bubbleSort 10000 , 1.811707 , 1.575317 , 0.029907 , 0.000000 ,  117558, 2452, 60000000 
exe/bubbleSort 10000 , 1.759338 , 1.551453 , 0.031006 , 0.000000 ,  107753, 2452, 60000000 
exe/bubbleSort 10000 , 1.747559 , 1.531921 , 0.030457 , 0.000000 ,  107478, 2452, 60000000 
exe/bubbleSort 10000 , 1.674133 , 1.473389 , 0.028198 , 0.000000 ,  107188, 2452, 60000000 
exe/bubbleSort 10000 , 1.662292 , 1.474548 , 0.015747 , 0.000000 ,  106829, 2380, 60000000 
exe/bubbleSort 10000 , 1.594299 , 1.398010 , 0.014954 , 0.000000 ,  114890, 2452, 60000000 
exe/bubbleSort 10000 , 1.583191 , 1.363342 , 0.019287 , 0.000000 ,  128359, 2452, 60000000 
exe/bubbleSort 10000 , 1.561096 , 1.323486 , 0.017944 , 0.000000 ,  134692, 2452, 60000000 
exe/bubbleSort 10000 , 1.554504 , 1.327637 , 0.025452 , 0.000000 ,  128997, 2452, 60000000 
exe/bubbleSort 10000 , 1.553833 , 1.330139 , 0.017456 , 0.000000 ,  127254, 2452, 60000000 
